This is pdfTeX, Version 3.141592653-2.6-1.40.22 (TeX Live 2021) (preloaded format=pdflatex 2021.4.14)  2 MAY 2021 22:39
entering extended mode
 restricted \write18 enabled.
 %&-line parsing enabled.
**dissertation.tex
(./dissertation.tex
LaTeX2e <2020-10-01> patch level 4
L3 programming layer <2021-02-18>
(/usr/local/texlive/2021/texmf-dist/tex/latex/nag/nag.sty
Package: nag 2011/11/25 0.7 warning about old commands (ulmi)
\c@nag@c=\count179
\c@nag@sins=\count180
Package nag Info: Loaded nag-l2tabu.cfg  on input line 552.

(/usr/local/texlive/2021/texmf-dist/tex/latex/nag/nag-l2tabu.cfg
File: nag-l2tabu.cfg 2010/05/17 v2.11 l2tabu rules for nag.sty (ulmi)
)
Package nag Info: Loaded nag-orthodox.cfg  on input line 552.

(/usr/local/texlive/2021/texmf-dist/tex/latex/nag/nag-orthodox.cfg
File: nag-orthodox.cfg 2006/04/19 v1.8 strict rules for nag.sty (ulmi)
))
(/usr/local/texlive/2021/texmf-dist/tex/latex/memoir/memoir.cls
Document Class: memoir 2021/03/23 v3.7o configurable book, report, article docu
ment class
\onelineskip=\skip47
\lxvchars=\skip48
\xlvchars=\skip49
\@memcnta=\count181
\c@@memmarkcntra=\count182
(/usr/local/texlive/2021/texmf-dist/tex/generic/iftex/iftex.sty
Package: iftex 2020/03/06 v1.0d TeX engine tests
)
\stockheight=\skip50
\stockwidth=\skip51
\trimtop=\skip52
\trimedge=\skip53

(/usr/local/texlive/2021/texmf-dist/tex/latex/memoir/mem14.clo
File: mem14.clo 2008/01/30 v0.4 memoir class 14pt size option
)
\binding=\skip54
\spinemargin=\skip55
\foremargin=\skip56
\uppermargin=\skip57
\lowermargin=\skip58
\headdrop=\skip59
\normalrulethickness=\skip60
\mem@maxheadheight=\skip61
\mem@maxfootheight=\skip62
\headwidth=\skip63
\c@storedpagenumber=\count183
\memPD=\dimen138
\m@mabparskip=\skip64
\thanksmarkwidth=\skip65
\thanksmarksep=\skip66
\droptitle=\skip67
\c@book=\count184
\c@part=\count185
\c@chapter=\count186
\c@section=\count187
\c@subsection=\count188
\c@subsubsection=\count189
\c@paragraph=\count190
\c@subparagraph=\count191
\beforechapskip=\skip68
\midchapskip=\skip69
\afterchapskip=\skip70
\chapindent=\skip71
\bottomsectionskip=\skip72
\secindent=\skip73
\beforesecskip=\skip74
\aftersecskip=\skip75
\subsecindent=\skip76
\beforesubsecskip=\skip77
\aftersubsecskip=\skip78
\subsubsecindent=\skip79
\beforesubsubsecskip=\skip80
\aftersubsubsecskip=\skip81
\paraindent=\skip82
\beforeparaskip=\skip83
\afterparaskip=\skip84
\subparaindent=\skip85
\beforesubparaskip=\skip86
\aftersubparaskip=\skip87
\pfbreakskip=\skip88
\c@@ppsavesec=\count192
\c@@ppsaveapp=\count193
\ragrparindent=\dimen139
\everylistparindent=\dimen140
\parsepi=\skip89
\topsepi=\skip90
\itemsepi=\skip91
\parsepii=\skip92
\topsepii=\skip93
\topsepiii=\skip94
\itemsepii=\skip95
\itemsepiii=\skip96
\partopsepii=\skip97
\partopsepiii=\skip98
\m@msavetopsep=\skip99
\m@msavepartopsep=\skip100
\@enLab=\toks15
\abstitleskip=\skip101
\absleftindent=\skip102
\abs@leftindent=\dimen141
\absrightindent=\skip103
\absparindent=\skip104
\absparsep=\skip105
\c@vslineno=\count194
\c@poemline=\count195
\c@modulo@vs=\count196
\c@memfvsline=\count197
\vleftskip=\skip106
\vrightskip=\skip107
\stanzaskip=\skip108
\versewidth=\skip109
\vgap=\skip110
\vindent=\skip111
\vleftmargin=\dimen142
\c@verse=\count198
\c@chrsinstr=\count199
\beforepoemtitleskip=\skip112
\afterpoemtitleskip=\skip113
\c@poem=\count266
\beforePoemTitleskip=\skip114
\midPoemTitleskip=\skip115
\afterPoemTitleskip=\skip116

(/usr/local/texlive/2021/texmf-dist/tex/latex/tools/array.sty
Package: array 2020/10/01 v2.5c Tabular extension package (FMi)
\col@sep=\dimen143
\ar@mcellbox=\box47
\extrarowheight=\dimen144
\NC@list=\toks16
\extratabsurround=\skip117
\backup@length=\skip118
\ar@cellbox=\box48
)
(/usr/local/texlive/2021/texmf-dist/tex/latex/tools/dcolumn.sty
Package: dcolumn 2014/10/28 v1.06 decimal alignment package (DPC)
)
(/usr/local/texlive/2021/texmf-dist/tex/latex/tools/delarray.sty
Package: delarray 2014/10/28 v1.01 array delimiter package (DPC)
)
(/usr/local/texlive/2021/texmf-dist/tex/latex/tools/tabularx.sty
Package: tabularx 2020/01/15 v2.11c `tabularx' package (DPC)
\TX@col@width=\dimen145
\TX@old@table=\dimen146
\TX@old@col=\dimen147
\TX@target=\dimen148
\TX@delta=\dimen149
\TX@cols=\count267
\TX@ftn=\toks17
)
\heavyrulewidth=\dimen150
\lightrulewidth=\dimen151
\cmidrulewidth=\dimen152
\belowrulesep=\dimen153
\belowbottomsep=\dimen154
\aboverulesep=\dimen155
\abovetopsep=\dimen156
\cmidrulesep=\dimen157
\cmidrulekern=\dimen158
\defaultaddspace=\dimen159
\@cmidla=\count268
\@cmidlb=\count269
\@aboverulesep=\dimen160
\@belowrulesep=\dimen161
\@thisruleclass=\count270
\@lastruleclass=\count271
\@thisrulewidth=\dimen162
\ctableftskip=\skip119
\ctabrightskip=\skip120
\abovecolumnspenalty=\count272
\@linestogo=\count273
\@cellstogo=\count274
\@cellsincolumn=\count275
\crtok=\toks18
\@mincolumnwidth=\dimen163
\c@newflo@tctr=\count276
\mem@margin@floatbox=\box49
\@contcwidth=\skip121
\@contindw=\skip122
\abovecaptionskip=\skip123
\belowcaptionskip=\skip124
\subfloattopskip=\skip125
\subfloatcapskip=\skip126
\subfloatcaptopadj=\skip127
\subfloatbottomskip=\skip128
\subfloatlabelskip=\skip129
\subfloatcapmargin=\dimen164
\c@@contsubnum=\count277
\m@mscap@capbox=\box50
\m@mscap@fbox=\box51
\sidecapsep=\dimen165
\sidecapwidth=\dimen166
\m@m@tempdima=\dimen167
\m@mscapraise=\dimen168
\sidecapraise=\dimen169
\m@mscapmainwidth=\dimen170
\m@mscaplkern=\dimen171
\beforeepigraphskip=\skip130
\afterepigraphskip=\skip131
\epigraphwidth=\skip132
\epigraphrule=\skip133
LaTeX Info: Redefining \em on input line 7650.
LaTeX Info: Redefining \emph on input line 7658.
\tocentryskip=\skip134
\tocbaseline=\skip135
\cftparskip=\skip136
\cftbeforebookskip=\skip137
\cftbookindent=\dimen172
\cftbooknumwidth=\dimen173
\cftbeforepartskip=\skip138
\cftpartindent=\skip139
\cftpartnumwidth=\skip140
\cftbeforechapterskip=\skip141
\cftchapterindent=\skip142
\cftchapternumwidth=\skip143
\cftbeforesectionskip=\skip144
\cftsectionindent=\skip145
\cftsectionnumwidth=\skip146
\cftbeforesubsectionskip=\skip147
\cftsubsectionindent=\skip148
\cftsubsectionnumwidth=\skip149
\cftbeforesubsubsectionskip=\skip150
\cftsubsubsectionindent=\skip151
\cftsubsubsectionnumwidth=\skip152
\cftbeforeparagraphskip=\skip153
\cftparagraphindent=\skip154
\cftparagraphnumwidth=\skip155
\cftbeforesubparagraphskip=\skip156
\cftsubparagraphindent=\skip157
\cftsubparagraphnumwidth=\skip158
\prechapterprecisshift=\dimen174
\c@maxsecnumdepth=\count278
\bibindent=\dimen175
\bibitemsep=\skip159
\indexcolsep=\skip160
\indexrule=\skip161
\indexmarkstyle=\toks19
\@indexbox=\insert252
\glossarycolsep=\dimen176
\glossaryrule=\dimen177
\sideparvshift=\skip162
\sideins=\insert251
\sidebartopsep=\skip163
\sidebarhsep=\skip164
\sidebarvsep=\skip165
\sidebarwidth=\skip166
\footmarkwidth=\skip167
\footmarksep=\skip168
\footparindent=\skip169
\footinsdim=\skip170
\footinsv@r=\insert250
\@mpfootinsv@r=\insert249
\m@m@k=\count279
\m@m@h=\dimen178
\m@mipn@skip=\skip171
\sidefootins=\insert248
\sidefootadjust=\skip172
\sidefootheight=\skip173
\sidefoothsep=\skip174
\sidefootvsep=\skip175
\sidefootwidth=\skip176
\m@mdownsf=\skip177
\c@sidefootnote=\count280
\sidefootmarkwidth=\skip178
\sidefootmarksep=\skip179
\sidefootparindent=\skip180
\c@pagenote=\count281
\c@pagenoteshadow=\count282
\mem@pn@lastkern=\skip181
\every@verbatim=\toks20
\afterevery@verbatim=\toks21
\verbatim@line=\toks22
\tab@position=\count283
\verbatim@in@stream=\read2
\verbatimindent=\skip182
\verbatim@out=\write3
\bvboxsep=\skip183
\c@memfbvline=\count284
\c@bvlinectr=\count285
\bvnumlength=\skip184
\fb@frw=\dimen179
\fb@frh=\dimen180
\FrameRule=\dimen181
\FrameSep=\dimen182
\c@cp@cntr=\count286
\c@ism@mctr=\count287
\c@xsm@mctr=\count288
\c@csm@mctr=\count289
\c@ksm@mctr=\count290
\c@xksm@mctr=\count291
\c@cksm@mctr=\count292
\c@msm@mctr=\count293
\c@xmsm@mctr=\count294
\c@cmsm@mctr=\count295
\c@bsm@mctr=\count296
\c@workm@mctr=\count297
\c@sheetsequence=\count298
\c@lastsheet=\count299
\c@lastpage=\count300

(/usr/local/texlive/2021/texmf-dist/tex/latex/textcase/textcase.sty
Package: textcase 2019/09/14 v1.00 Text only upper/lower case changing (DPC)
)
\c@figure=\count301
\c@lofdepth=\count302
\cftbeforefigureskip=\skip185
\cftfigureindent=\skip186
\cftfigurenumwidth=\skip187
\c@table=\count303
\c@lotdepth=\count304
\cftbeforetableskip=\skip188
\cfttableindent=\skip189
\cfttablenumwidth=\skip190
Package abstract [2008/07/23] emulated by memoir.
Package appendix [2008/07/23] emulated by memoir.
Package booktabs [2016/05/16] emulated by memoir.
Package ccaption [2008/07/23] emulated by memoir.
Package changepage [2008/07/23] emulated by memoir.
Package chngcntr [2008/07/23] emulated by memoir.
Package chngpage [2008/07/23] emulated by memoir.
Package crop emulated by memoir.
Package enumerate [2008/07/23] emulated by memoir.
Package epigraph [2008/07/23] emulated by memoir.
Package ifmtarg [2008/07/23] emulated by memoir.
Package index [2008/07/23] emulated by memoir.
Package makeidx [2008/07/23] emulated by memoir.
Package moreverb [2008/07/23] emulated by memoir.
Package needspace [2008/07/23] emulated by memoir.
Package newfile [2008/07/23] emulated by memoir.
Package nextpage [2008/07/23] emulated by memoir.
Package pagenote [2008/07/23] emulated by memoir.
Package parskip [2008/07/23] emulated by memoir.
Package patchcmd [2008/07/23] emulated by memoir.
Package setspace [2008/07/23] emulated by memoir.
Package shortvrb [2008/07/23] emulated by memoir.
Package showidx [2008/07/23] emulated by memoir.
Package titleref [2008/07/23] emulated by memoir.
Package titling [2008/07/23] emulated by memoir.
Package tocbibind [2008/07/23] emulated by memoir.
Package tocloft [2008/07/23] emulated by memoir.
Package tocvsec2 [2008/07/23] emulated by memoir.
Package verbatim [2008/07/23] emulated by memoir.
Package verse [2008/07/23] emulated by memoir.
)
(./common/setup.tex
\c@draft=\count305
\c@showmarkup=\count306
\c@usealtfont=\count307
\c@fontfamily=\count308
\c@bibliosel=\count309
\c@mediadisplay=\count310
\c@imgprecompile=\count311
) (./common/packages.tex
(/usr/local/texlive/2021/texmf-dist/tex/latex/etoolbox/etoolbox.sty
Package: etoolbox 2020/10/05 v2.5k e-TeX tools for LaTeX (JAW)
\etb@tempcnta=\count312
)
(/usr/local/texlive/2021/texmf-dist/tex/latex/comment/comment.sty
\CommentStream=\write4

Excluding comment 'comment')
(/usr/local/texlive/2021/texmf-dist/tex/latex/pdflscape/pdflscape.sty
Package: pdflscape 2019/12/05 v0.12 Display of landscape pages in PDF (HO)

(/usr/local/texlive/2021/texmf-dist/tex/latex/graphics/lscape.sty
Package: lscape 2020/05/28 v3.02 Landscape Pages (DPC)

(/usr/local/texlive/2021/texmf-dist/tex/latex/graphics/graphics.sty
Package: graphics 2020/08/30 v1.4c Standard LaTeX Graphics (DPC,SPQR)

(/usr/local/texlive/2021/texmf-dist/tex/latex/graphics/trig.sty
Package: trig 2016/01/03 v1.10 sin cos tan (DPC)
)
(/usr/local/texlive/2021/texmf-dist/tex/latex/graphics-cfg/graphics.cfg
File: graphics.cfg 2016/06/04 v1.11 sample graphics configuration
)
Package graphics Info: Driver file: pdftex.def on input line 105.

(/usr/local/texlive/2021/texmf-dist/tex/latex/graphics-def/pdftex.def
File: pdftex.def 2020/10/05 v1.2a Graphics/color driver for pdftex
)))
Package pdflscape Info: Auto-detected driver: pdftex on input line 81.
)
(/usr/local/texlive/2021/texmf-dist/tex/latex/geometry/geometry.sty
Package: geometry 2020/01/02 v5.9 Page Geometry

(/usr/local/texlive/2021/texmf-dist/tex/latex/graphics/keyval.sty
Package: keyval 2014/10/28 v1.15 key=value parser (DPC)
\KV@toks@=\toks23
)
(/usr/local/texlive/2021/texmf-dist/tex/generic/iftex/ifvtex.sty
Package: ifvtex 2019/10/25 v1.7 ifvtex legacy package. Use iftex instead.
)
\Gm@cnth=\count313
\Gm@cntv=\count314
\c@Gm@tempcnt=\count315
\Gm@bindingoffset=\dimen183
\Gm@wd@mp=\dimen184
\Gm@odd@mp=\dimen185
\Gm@even@mp=\dimen186
\Gm@layoutwidth=\dimen187
\Gm@layoutheight=\dimen188
\Gm@layouthoffset=\dimen189
\Gm@layoutvoffset=\dimen190
\Gm@dimlist=\toks24
)
(/usr/local/texlive/2021/texmf-dist/tex/latex/amscls/amsthm.sty
Package: amsthm 2020/05/29 v2.20.6
\thm@style=\toks25
\thm@bodyfont=\toks26
\thm@headfont=\toks27
\thm@notefont=\toks28
\thm@headpunct=\toks29
\thm@preskip=\skip191
\thm@postskip=\skip192
\thm@headsep=\skip193
\dth@everypar=\toks30
)
(/usr/local/texlive/2021/texmf-dist/tex/latex/amsmath/amsmath.sty
Package: amsmath 2020/09/23 v2.17i AMS math features
\@mathmargin=\skip194

For additional information on amsmath, use the `?' option.
(/usr/local/texlive/2021/texmf-dist/tex/latex/amsmath/amstext.sty
Package: amstext 2000/06/29 v2.01 AMS text

(/usr/local/texlive/2021/texmf-dist/tex/latex/amsmath/amsgen.sty
File: amsgen.sty 1999/11/30 v2.0 generic functions
\@emptytoks=\toks31
\ex@=\dimen191
))
(/usr/local/texlive/2021/texmf-dist/tex/latex/amsmath/amsbsy.sty
Package: amsbsy 1999/11/29 v1.2d Bold Symbols
\pmbraise@=\dimen192
)
(/usr/local/texlive/2021/texmf-dist/tex/latex/amsmath/amsopn.sty
Package: amsopn 2016/03/08 v2.02 operator names
)
\inf@bad=\count316
LaTeX Info: Redefining \frac on input line 234.
\uproot@=\count317
\leftroot@=\count318
LaTeX Info: Redefining \overline on input line 399.
\classnum@=\count319
\DOTSCASE@=\count320
LaTeX Info: Redefining \ldots on input line 496.
LaTeX Info: Redefining \dots on input line 499.
LaTeX Info: Redefining \cdots on input line 620.
\Mathstrutbox@=\box52
\strutbox@=\box53
\big@size=\dimen193
LaTeX Font Info:    Redeclaring font encoding OML on input line 743.
LaTeX Font Info:    Redeclaring font encoding OMS on input line 744.
\macc@depth=\count321
\c@MaxMatrixCols=\count322
\dotsspace@=\muskip16
\c@parentequation=\count323
\dspbrk@lvl=\count324
\tag@help=\toks32
\row@=\count325
\column@=\count326
\maxfields@=\count327
\andhelp@=\toks33
\eqnshift@=\dimen194
\alignsep@=\dimen195
\tagshift@=\dimen196
\tagwidth@=\dimen197
\totwidth@=\dimen198
\lineht@=\dimen199
\@envbody=\toks34
\multlinegap=\skip195
\multlinetaggap=\skip196
\mathdisplay@stack=\toks35
LaTeX Info: Redefining \[ on input line 2923.
LaTeX Info: Redefining \] on input line 2924.
)
(/usr/local/texlive/2021/texmf-dist/tex/latex/amsmath/amscd.sty
Package: amscd 2017/04/14 v2.1 AMS Commutative Diagrams
\athelp@=\toks36
\minaw@=\dimen256
\bigaw@=\dimen257
\minCDarrowwidth=\dimen258
)
(/usr/local/texlive/2021/texmf-dist/tex/latex/amsfonts/amsfonts.sty
Package: amsfonts 2013/01/14 v3.01 Basic AMSFonts support
\symAMSa=\mathgroup4
\symAMSb=\mathgroup5
LaTeX Font Info:    Redeclaring math symbol \hbar on input line 98.
LaTeX Font Info:    Overwriting math alphabet `\mathfrak' in version `bold'
(Font)                  U/euf/m/n --> U/euf/b/n on input line 106.
)
(/usr/local/texlive/2021/texmf-dist/tex/latex/amsfonts/amssymb.sty
Package: amssymb 2013/01/14 v3.01 AMS font symbols
)
(/usr/local/texlive/2021/texmf-dist/tex/latex/mathtools/mathtools.sty
Package: mathtools 2021/03/18 v1.25 mathematical typesetting tools

(/usr/local/texlive/2021/texmf-dist/tex/latex/tools/calc.sty
Package: calc 2017/05/25 v4.3 Infix arithmetic (KKT,FJ)
\calc@Acount=\count328
\calc@Bcount=\count329
\calc@Adimen=\dimen259
\calc@Bdimen=\dimen260
\calc@Askip=\skip197
\calc@Bskip=\skip198
LaTeX Info: Redefining \setlength on input line 80.
LaTeX Info: Redefining \addtolength on input line 81.
\calc@Ccount=\count330
\calc@Cskip=\skip199
)
(/usr/local/texlive/2021/texmf-dist/tex/latex/mathtools/mhsetup.sty
Package: mhsetup 2021/03/18 v1.4 programming setup (MH)
)
LaTeX Info: Thecontrolsequence`\('isalreadyrobust on input line 130.
LaTeX Info: Thecontrolsequence`\)'isalreadyrobust on input line 130.
LaTeX Info: Thecontrolsequence`\['isalreadyrobust on input line 130.
LaTeX Info: Thecontrolsequence`\]'isalreadyrobust on input line 130.
\g_MT_multlinerow_int=\count331
\l_MT_multwidth_dim=\dimen261
\origjot=\skip256
\l_MT_shortvdotswithinadjustabove_dim=\dimen262
\l_MT_shortvdotswithinadjustbelow_dim=\dimen263
\l_MT_above_intertext_sep=\dimen264
\l_MT_below_intertext_sep=\dimen265
\l_MT_above_shortintertext_sep=\dimen266
\l_MT_below_shortintertext_sep=\dimen267
\xmathstrut@box=\box54
\xmathstrut@dim=\dimen268
)
(/usr/local/texlive/2021/texmf-dist/tex/latex/l3packages/xfrac/xfrac.sty
(/usr/local/texlive/2021/texmf-dist/tex/latex/l3kernel/expl3.sty
Package: expl3 2021-02-18 L3 programming layer (loader) 

(/usr/local/texlive/2021/texmf-dist/tex/latex/l3backend/l3backend-pdftex.def
File: l3backend-pdftex.def 2021-03-18 L3 backend support: PDF output (pdfTeX)
\l__color_backend_stack_int=\count332
\l__pdf_internal_box=\box55
))
(/usr/local/texlive/2021/texmf-dist/tex/latex/graphics/graphicx.sty
Package: graphicx 2020/09/09 v1.2b Enhanced LaTeX Graphics (DPC,SPQR)
\Gin@req@height=\dimen269
\Gin@req@width=\dimen270
)
(/usr/local/texlive/2021/texmf-dist/tex/latex/l3packages/l3keys2e/l3keys2e.sty
Package: l3keys2e 2021-03-12 LaTeX2e option processing using LaTeX3 keys
) (/usr/local/texlive/2021/texmf-dist/tex/latex/base/textcomp.sty
Package: textcomp 2020/02/02 v2.0n Standard LaTeX package
)
(/usr/local/texlive/2021/texmf-dist/tex/latex/l3packages/xparse/xparse.sty
(/usr/local/texlive/2021/texmf-dist/tex/latex/l3packages/xparse/xparse-2020-10-
01.sty
(/usr/local/texlive/2021/texmf-dist/tex/latex/l3packages/xparse/xparse-generic.
tex)))
(/usr/local/texlive/2021/texmf-dist/tex/latex/l3packages/xtemplate/xtemplate.st
y
Package: xtemplate 2021-03-12 L3 Experimental prototype document functions
\l__xtemplate_tmp_dim=\dimen271
\l__xtemplate_tmp_int=\count333
\l__xtemplate_tmp_muskip=\muskip17
\l__xtemplate_tmp_skip=\skip257
)
Package: xfrac 2021-03-12 L3 Experimental split-level fractions
\l__xfrac_slash_box=\box56
\l__xfrac_tmp_box=\box57
\l__xfrac_denominator_bot_sep_dim=\dimen272
\l__xfrac_numerator_bot_sep_dim=\dimen273
\l__xfrac_numerator_top_sep_dim=\dimen274
\l__xfrac_slash_left_sep_dim=\dimen275
\l__xfrac_slash_right_sep_dim=\dimen276
\l__xfrac_slash_left_muskip=\muskip18
\l__xfrac_slash_right_muskip=\muskip19

Package xtemplate Info: Declaring object type 'xfrac' taking 3 argument(s) on
(xtemplate)             line 80.

) (/usr/local/texlive/2021/texmf-dist/tex/latex/siunitx/siunitx.sty
Package: siunitx 2020/02/25 v2.8b A comprehensive (SI) units package
\l__siunitx_tmp_box=\box58
\l__siunitx_tmp_dim=\dimen277
\l__siunitx_tmp_int=\count334
\l__siunitx_number_mantissa_length_int=\count335
\l__siunitx_number_uncert_length_int=\count336
\l__siunitx_round_int=\count337
\l__siunitx_process_decimal_int=\count338
\l__siunitx_process_uncertainty_int=\count339
\l__siunitx_process_fixed_int=\count340
\l__siunitx_process_integer_min_int=\count341
\l__siunitx_process_precision_int=\count342
\l__siunitx_group_min_int=\count343
\l__siunitx_angle_marker_box=\box59
\l__siunitx_angle_unit_box=\box60
\l__siunitx_angle_marker_dim=\dimen278
\l__siunitx_angle_unit_dim=\dimen279
\l__siunitx_unit_int=\count344
\l__siunitx_unit_denominator_int=\count345
\l__siunitx_unit_numerator_int=\count346
\l__siunitx_unit_prefix_int=\count347
\l__siunitx_unit_prefix_base_int=\count348
\l__siunitx_unit_prefix_gram_int=\count349
\l__siunitx_number_product_int=\count350
\c__siunitx_one_fill_skip=\skip258
\l__siunitx_table_unit_align_skip=\skip259
\l__siunitx_table_exponent_dim=\dimen280
\l__siunitx_table_integer_dim=\dimen281
\l__siunitx_table_mantissa_dim=\dimen282
\l__siunitx_table_marker_dim=\dimen283
\l__siunitx_table_result_dim=\dimen284
\l__siunitx_table_uncert_dim=\dimen285
\l__siunitx_table_fill_pre_dim=\dimen286
\l__siunitx_table_fill_post_dim=\dimen287
\l__siunitx_table_fill_mid_dim=\dimen288
\l__siunitx_table_pre_box=\box61
\l__siunitx_table_post_box=\box62
\l__siunitx_table_mantissa_box=\box63
\l__siunitx_table_result_box=\box64
\l__siunitx_table_number_align_skip=\skip260
\l__siunitx_table_text_align_skip=\skip261

(/usr/local/texlive/2021/texmf-dist/tex/latex/translator/translator.sty
Package: translator 2020-08-03 v1.12c Easy translation of strings in LaTeX
)
(./siunitx.cfg
File: siunitx.cfg 
))
subequations patched
\curtextsize=\skip262
\bigtextsize=\skip263
(/usr/local/texlive/2021/texmf-dist/tex/generic/pdftex/glyphtounicode.tex)
(/usr/local/texlive/2021/texmf-dist/tex/latex/pdfx/glyphtounicode-cmr.tex)
(/usr/local/texlive/2021/texmf-dist/tex/latex/cmap/cmap.sty
Package: cmap 2021/02/06 v1.0j CMap support: searchable PDF
)
(/usr/local/texlive/2021/texmf-dist/tex/latex/base/fontenc.sty
Package: fontenc 2020/08/10 v2.0s Standard LaTeX package

(/usr/local/texlive/2021/texmf-dist/tex/latex/cyrillic/t2aenc.def
File: t2aenc.def 2005/09/27 v1.0i Cyrillic encoding definition file
Now handling font encoding T2A ...
... processing UTF-8 mapping file for font encoding T2A

(/usr/local/texlive/2021/texmf-dist/tex/latex/base/t2aenc.dfu
File: t2aenc.dfu 2019/11/14 v1.2k UTF-8 support for inputenc
   defining Unicode char U+00A4 (decimal 164)
   defining Unicode char U+00A7 (decimal 167)
   defining Unicode char U+00AB (decimal 171)
   defining Unicode char U+00BB (decimal 187)
   defining Unicode char U+0131 (decimal 305)
   defining Unicode char U+0237 (decimal 567)
   defining Unicode char U+0400 (decimal 1024)
   defining Unicode char U+0401 (decimal 1025)
   defining Unicode char U+0402 (decimal 1026)
   defining Unicode char U+0403 (decimal 1027)
   defining Unicode char U+0404 (decimal 1028)
   defining Unicode char U+0405 (decimal 1029)
   defining Unicode char U+0406 (decimal 1030)
   defining Unicode char U+0407 (decimal 1031)
   defining Unicode char U+0408 (decimal 1032)
   defining Unicode char U+0409 (decimal 1033)
   defining Unicode char U+040A (decimal 1034)
   defining Unicode char U+040B (decimal 1035)
   defining Unicode char U+040C (decimal 1036)
   defining Unicode char U+040D (decimal 1037)
   defining Unicode char U+040E (decimal 1038)
   defining Unicode char U+040F (decimal 1039)
   defining Unicode char U+0410 (decimal 1040)
   defining Unicode char U+0411 (decimal 1041)
   defining Unicode char U+0412 (decimal 1042)
   defining Unicode char U+0413 (decimal 1043)
   defining Unicode char U+0414 (decimal 1044)
   defining Unicode char U+0415 (decimal 1045)
   defining Unicode char U+0416 (decimal 1046)
   defining Unicode char U+0417 (decimal 1047)
   defining Unicode char U+0418 (decimal 1048)
   defining Unicode char U+0419 (decimal 1049)
   defining Unicode char U+041A (decimal 1050)
   defining Unicode char U+041B (decimal 1051)
   defining Unicode char U+041C (decimal 1052)
   defining Unicode char U+041D (decimal 1053)
   defining Unicode char U+041E (decimal 1054)
   defining Unicode char U+041F (decimal 1055)
   defining Unicode char U+0420 (decimal 1056)
   defining Unicode char U+0421 (decimal 1057)
   defining Unicode char U+0422 (decimal 1058)
   defining Unicode char U+0423 (decimal 1059)
   defining Unicode char U+0424 (decimal 1060)
   defining Unicode char U+0425 (decimal 1061)
   defining Unicode char U+0426 (decimal 1062)
   defining Unicode char U+0427 (decimal 1063)
   defining Unicode char U+0428 (decimal 1064)
   defining Unicode char U+0429 (decimal 1065)
   defining Unicode char U+042A (decimal 1066)
   defining Unicode char U+042B (decimal 1067)
   defining Unicode char U+042C (decimal 1068)
   defining Unicode char U+042D (decimal 1069)
   defining Unicode char U+042E (decimal 1070)
   defining Unicode char U+042F (decimal 1071)
   defining Unicode char U+0430 (decimal 1072)
   defining Unicode char U+0431 (decimal 1073)
   defining Unicode char U+0432 (decimal 1074)
   defining Unicode char U+0433 (decimal 1075)
   defining Unicode char U+0434 (decimal 1076)
   defining Unicode char U+0435 (decimal 1077)
   defining Unicode char U+0436 (decimal 1078)
   defining Unicode char U+0437 (decimal 1079)
   defining Unicode char U+0438 (decimal 1080)
   defining Unicode char U+0439 (decimal 1081)
   defining Unicode char U+043A (decimal 1082)
   defining Unicode char U+043B (decimal 1083)
   defining Unicode char U+043C (decimal 1084)
   defining Unicode char U+043D (decimal 1085)
   defining Unicode char U+043E (decimal 1086)
   defining Unicode char U+043F (decimal 1087)
   defining Unicode char U+0440 (decimal 1088)
   defining Unicode char U+0441 (decimal 1089)
   defining Unicode char U+0442 (decimal 1090)
   defining Unicode char U+0443 (decimal 1091)
   defining Unicode char U+0444 (decimal 1092)
   defining Unicode char U+0445 (decimal 1093)
   defining Unicode char U+0446 (decimal 1094)
   defining Unicode char U+0447 (decimal 1095)
   defining Unicode char U+0448 (decimal 1096)
   defining Unicode char U+0449 (decimal 1097)
   defining Unicode char U+044A (decimal 1098)
   defining Unicode char U+044B (decimal 1099)
   defining Unicode char U+044C (decimal 1100)
   defining Unicode char U+044D (decimal 1101)
   defining Unicode char U+044E (decimal 1102)
   defining Unicode char U+044F (decimal 1103)
   defining Unicode char U+0450 (decimal 1104)
   defining Unicode char U+0451 (decimal 1105)
   defining Unicode char U+0452 (decimal 1106)
   defining Unicode char U+0453 (decimal 1107)
   defining Unicode char U+0454 (decimal 1108)
   defining Unicode char U+0455 (decimal 1109)
   defining Unicode char U+0456 (decimal 1110)
   defining Unicode char U+0457 (decimal 1111)
   defining Unicode char U+0458 (decimal 1112)
   defining Unicode char U+0459 (decimal 1113)
   defining Unicode char U+045A (decimal 1114)
   defining Unicode char U+045B (decimal 1115)
   defining Unicode char U+045C (decimal 1116)
   defining Unicode char U+045D (decimal 1117)
   defining Unicode char U+045E (decimal 1118)
   defining Unicode char U+045F (decimal 1119)
   defining Unicode char U+0490 (decimal 1168)
   defining Unicode char U+0491 (decimal 1169)
   defining Unicode char U+0492 (decimal 1170)
   defining Unicode char U+0493 (decimal 1171)
   defining Unicode char U+0496 (decimal 1174)
   defining Unicode char U+0497 (decimal 1175)
   defining Unicode char U+0498 (decimal 1176)
   defining Unicode char U+0499 (decimal 1177)
   defining Unicode char U+049A (decimal 1178)
   defining Unicode char U+049B (decimal 1179)
   defining Unicode char U+049C (decimal 1180)
   defining Unicode char U+049D (decimal 1181)
   defining Unicode char U+04A0 (decimal 1184)
   defining Unicode char U+04A1 (decimal 1185)
   defining Unicode char U+04A2 (decimal 1186)
   defining Unicode char U+04A3 (decimal 1187)
   defining Unicode char U+04A4 (decimal 1188)
   defining Unicode char U+04A5 (decimal 1189)
   defining Unicode char U+04AA (decimal 1194)
   defining Unicode char U+04AB (decimal 1195)
   defining Unicode char U+04AE (decimal 1198)
   defining Unicode char U+04AF (decimal 1199)
   defining Unicode char U+04B0 (decimal 1200)
   defining Unicode char U+04B1 (decimal 1201)
   defining Unicode char U+04B2 (decimal 1202)
   defining Unicode char U+04B3 (decimal 1203)
   defining Unicode char U+04B6 (decimal 1206)
   defining Unicode char U+04B7 (decimal 1207)
   defining Unicode char U+04B8 (decimal 1208)
   defining Unicode char U+04B9 (decimal 1209)
   defining Unicode char U+04BA (decimal 1210)
   defining Unicode char U+04BB (decimal 1211)
   defining Unicode char U+04C0 (decimal 1216)
   defining Unicode char U+04C1 (decimal 1217)
   defining Unicode char U+04C2 (decimal 1218)
   defining Unicode char U+04D0 (decimal 1232)
   defining Unicode char U+04D1 (decimal 1233)
   defining Unicode char U+04D2 (decimal 1234)
   defining Unicode char U+04D3 (decimal 1235)
   defining Unicode char U+04D4 (decimal 1236)
   defining Unicode char U+04D5 (decimal 1237)
   defining Unicode char U+04D6 (decimal 1238)
   defining Unicode char U+04D7 (decimal 1239)
   defining Unicode char U+04D8 (decimal 1240)
   defining Unicode char U+04D9 (decimal 1241)
   defining Unicode char U+04DA (decimal 1242)
   defining Unicode char U+04DB (decimal 1243)
   defining Unicode char U+04DC (decimal 1244)
   defining Unicode char U+04DD (decimal 1245)
   defining Unicode char U+04DE (decimal 1246)
   defining Unicode char U+04DF (decimal 1247)
   defining Unicode char U+04E2 (decimal 1250)
   defining Unicode char U+04E3 (decimal 1251)
   defining Unicode char U+04E4 (decimal 1252)
   defining Unicode char U+04E5 (decimal 1253)
   defining Unicode char U+04E6 (decimal 1254)
   defining Unicode char U+04E7 (decimal 1255)
   defining Unicode char U+04E8 (decimal 1256)
   defining Unicode char U+04E9 (decimal 1257)
   defining Unicode char U+04EC (decimal 1260)
   defining Unicode char U+04ED (decimal 1261)
   defining Unicode char U+04EE (decimal 1262)
   defining Unicode char U+04EF (decimal 1263)
   defining Unicode char U+04F0 (decimal 1264)
   defining Unicode char U+04F1 (decimal 1265)
   defining Unicode char U+04F2 (decimal 1266)
   defining Unicode char U+04F3 (decimal 1267)
   defining Unicode char U+04F4 (decimal 1268)
   defining Unicode char U+04F5 (decimal 1269)
   defining Unicode char U+04F8 (decimal 1272)
   defining Unicode char U+04F9 (decimal 1273)
   defining Unicode char U+200C (decimal 8204)
   defining Unicode char U+2013 (decimal 8211)
   defining Unicode char U+2014 (decimal 8212)
   defining Unicode char U+2018 (decimal 8216)
   defining Unicode char U+2019 (decimal 8217)
   defining Unicode char U+201C (decimal 8220)
   defining Unicode char U+201D (decimal 8221)
   defining Unicode char U+201E (decimal 8222)
   defining Unicode char U+2030 (decimal 8240)
   defining Unicode char U+2031 (decimal 8241)
   defining Unicode char U+2116 (decimal 8470)
   defining Unicode char U+2329 (decimal 9001)
   defining Unicode char U+232A (decimal 9002)
   defining Unicode char U+2423 (decimal 9251)
   defining Unicode char U+27E8 (decimal 10216)
   defining Unicode char U+27E9 (decimal 10217)
   defining Unicode char U+FB00 (decimal 64256)
   defining Unicode char U+FB01 (decimal 64257)
   defining Unicode char U+FB02 (decimal 64258)
   defining Unicode char U+FB03 (decimal 64259)
   defining Unicode char U+FB04 (decimal 64260)
   defining Unicode char U+FB05 (decimal 64261)
   defining Unicode char U+FB06 (decimal 64262)
))
LaTeX Font Info:    Trying to load font information for T2A+cmr on input line 1
12.

(/usr/local/texlive/2021/texmf-dist/tex/latex/cyrillic/t2acmr.fd
File: t2acmr.fd 2001/08/11 v1.0a Computer Modern Cyrillic font definitions
)<<t2a.cmap>>)
(/usr/local/texlive/2021/texmf-dist/tex/latex/base/inputenc.sty
Package: inputenc 2020/08/01 v1.3d Input encoding file
\inpenc@prehook=\toks37
\inpenc@posthook=\toks38
)
(/usr/local/texlive/2021/texmf-dist/tex/generic/babel/babel.sty
Package: babel 2021/03/24 3.56 The Babel package

(/usr/local/texlive/2021/texmf-dist/tex/generic/babel/babel.def
File: babel.def 2021/03/24 3.56 Babel common definitions
\babel@savecnt=\count351
\U@D=\dimen289
\l@babelnohyphens=\language87

(/usr/local/texlive/2021/texmf-dist/tex/generic/babel/txtbabel.def)
\bbl@readstream=\read3
)
\bbl@dirlevel=\count352

(/usr/local/texlive/2021/texmf-dist/tex/generic/babel-english/english.ldf
Language: english 2017/06/06 v3.3r English support from the babel system
Package babel Info: \l@canadian = using hyphenrules for english
(babel)             (\language0) on input line 102.
Package babel Info: \l@australian = using hyphenrules for ukenglish
(babel)             (\language21) on input line 105.
Package babel Info: \l@newzealand = using hyphenrules for ukenglish
(babel)             (\language21) on input line 108.
)
(/usr/local/texlive/2021/texmf-dist/tex/generic/babel-russian/russianb.ldf
File: russianb.ldf 2021/01/10 1.3m Russian support for the Babel system
Language: russian 2020/09/09 1.3k Russian support for the Babel system
Package babel Info: Making " an active character on input line 124.
Package babel Info: Default for \cyrdash is provided on input line 163.
))
(/usr/local/texlive/2021/texmf-dist/tex/latex/tools/indentfirst.sty
Package: indentfirst 1995/11/23 v1.03 Indent first paragraph (DPC)
)
(/usr/local/texlive/2021/texmf-dist/tex/latex/xcolor/xcolor.sty
Package: xcolor 2016/05/11 v2.12 LaTeX color extensions (UK)

(/usr/local/texlive/2021/texmf-dist/tex/latex/graphics-cfg/color.cfg
File: color.cfg 2016/01/02 v1.6 sample color configuration
)
Package xcolor Info: Driver file: pdftex.def on input line 225.

(/usr/local/texlive/2021/texmf-dist/tex/latex/colortbl/colortbl.sty
Package: colortbl 2020/01/04 v1.0e Color table columns (DPC)
\everycr=\toks39
\minrowclearance=\skip264
)
\rownum=\count353
Package xcolor Info: Model `cmy' substituted by `cmy0' on input line 1348.
Package xcolor Info: Model `hsb' substituted by `rgb' on input line 1352.
Package xcolor Info: Model `RGB' extended on input line 1364.
Package xcolor Info: Model `HTML' substituted by `rgb' on input line 1366.
Package xcolor Info: Model `Hsb' substituted by `hsb' on input line 1367.
Package xcolor Info: Model `tHsb' substituted by `hsb' on input line 1368.
Package xcolor Info: Model `HSB' substituted by `hsb' on input line 1369.
Package xcolor Info: Model `Gray' substituted by `gray' on input line 1370.
Package xcolor Info: Model `wave' substituted by `hsb' on input line 1371.

(/usr/local/texlive/2021/texmf-dist/tex/latex/graphics/dvipsnam.def
File: dvipsnam.def 2016/06/17 v3.0m Driver-dependent file (DPC,SPQR)
))
(/usr/local/texlive/2021/texmf-dist/tex/latex/tools/longtable.sty
Package: longtable 2020/01/07 v4.13 Multi-page Table package (DPC)
\LTleft=\skip265
\LTright=\skip266
\LTpre=\skip267
\LTpost=\skip268
\LTchunksize=\count354
\LTcapwidth=\dimen290
\LT@head=\box65
\LT@firsthead=\box66
\LT@foot=\box67
\LT@lastfoot=\box68
\LT@cols=\count355
\LT@rows=\count356
\c@LT@tables=\count357
\c@LT@chunks=\count358
\LT@p@ftn=\toks40
)
(/usr/local/texlive/2021/texmf-dist/tex/latex/caption/ltcaption.sty
Package: ltcaption 2020/05/30 v1.4b longtable captions (AR)
\LTcapskip=\skip269
\LTcapleft=\skip270
\LTcapright=\skip271
)
(/usr/local/texlive/2021/texmf-dist/tex/latex/multirow/multirow.sty
Package: multirow 2021/03/15 v2.8 Span multiple rows of a table
\multirow@colwidth=\skip272
\multirow@cntb=\count359
\multirow@dima=\skip273
\bigstrutjot=\dimen291
)
(/usr/local/texlive/2021/texmf-dist/tex/latex/makecell/makecell.sty
Package: makecell 2009/08/03 V0.1e Managing of Tab Column Heads and Cells
\rotheadsize=\dimen292
\c@nlinenum=\count360
\TeXr@lab=\toks41
)
(/usr/local/texlive/2021/texmf-dist/tex/latex/tabu/tabu.sty
Package: tabu 2019/01/11 v2.9 - flexible LaTeX tabulars (FC+tabu-fixed)

(/usr/local/texlive/2021/texmf-dist/tex/latex/varwidth/varwidth.sty
Package: varwidth 2009/03/30 ver 0.92;  Variable-width minipages
\@vwid@box=\box69
\sift@deathcycles=\count361
\@vwid@loff=\dimen293
\@vwid@roff=\dimen294
)
\c@taburow=\count362
\tabu@nbcols=\count363
\tabu@cnt=\count364
\tabu@Xcol=\count365
\tabu@alloc=\count366
\tabu@nested=\count367
\tabu@target=\dimen295
\tabu@spreadtarget=\dimen296
\tabu@naturalX=\dimen297
\tabucolX=\dimen298
\tabu@Xsum=\dimen299
\extrarowdepth=\dimen300
\abovetabulinesep=\dimen301
\belowtabulinesep=\dimen302
\tabustrutrule=\dimen303
\tabu@thebody=\toks42
\tabu@footnotes=\toks43
\tabu@box=\box70
\tabu@arstrutbox=\box71
\tabu@hleads=\box72
\tabu@vleads=\box73
\tabu@cellskip=\skip274
)
(/usr/local/texlive/2021/texmf-dist/tex/latex/tabulary/tabulary.sty
Package: tabulary 2014/06/11 v0.10 tabulary package (DPC)
\TY@count=\count368
\TY@linewidth=\dimen304
\tymin=\dimen305
\tymax=\dimen306
\TY@tablewidth=\dimen307
)
(/usr/local/texlive/2021/texmf-dist/tex/latex/threeparttable/threeparttable.sty
Package: threeparttable 2003/06/13  v 3.0
\@tempboxb=\box74
) (/usr/local/texlive/2021/texmf-dist/tex/generic/soulutf8/soulutf8.sty
Package: soulutf8 2019/12/15 v1.2 Permit use of UTF-8 characters in soul (HO)

(/usr/local/texlive/2021/texmf-dist/tex/generic/soul/soul.sty
Package: soul 2003/11/17 v2.4 letterspacing/underlining (mf)
\SOUL@word=\toks44
\SOUL@lasttoken=\toks45
\SOUL@cmds=\toks46
\SOUL@buffer=\toks47
\SOUL@token=\toks48
\SOUL@spaceskip=\skip275
\SOUL@ttwidth=\dimen308
\SOUL@uldp=\dimen309
\SOUL@ulht=\dimen310
)
(/usr/local/texlive/2021/texmf-dist/tex/generic/infwarerr/infwarerr.sty
Package: infwarerr 2019/12/03 v1.5 Providing info/warning/error messages (HO)
)
(/usr/local/texlive/2021/texmf-dist/tex/generic/etexcmds/etexcmds.sty
Package: etexcmds 2019/12/15 v1.7 Avoid name clashes with e-TeX commands (HO)
))
(/usr/local/texlive/2021/texmf-dist/tex/latex/was/icomma.sty
Package: icomma 2002/03/10 v2.0 (WaS)
)
(/usr/local/texlive/2021/texmf-dist/tex/latex/impnattypo/impnattypo.sty
Package: impnattypo 2019/03/04 1.5 Typographic utilities inspired by the French
 Imprimerie Nationale
Package: impnattypo 

(/usr/local/texlive/2021/texmf-dist/tex/generic/iftex/ifluatex.sty
Package: ifluatex 2019/10/25 v1.5 ifluatex legacy package. Use iftex instead.
)
(/usr/local/texlive/2021/texmf-dist/tex/latex/kvoptions/kvoptions.sty
Package: kvoptions 2020-10-07 v3.14 Key value format for package options (HO)

(/usr/local/texlive/2021/texmf-dist/tex/generic/ltxcmds/ltxcmds.sty
Package: ltxcmds 2020-05-10 v1.25 LaTeX kernel commands for general use (HO)
)
(/usr/local/texlive/2021/texmf-dist/tex/generic/kvsetkeys/kvsetkeys.sty
Package: kvsetkeys 2019/12/15 v1.18 Key value parser (HO)
)))
(/usr/local/texlive/2021/texmf-dist/tex/latex/pgf/frontendlayer/tikz.sty
(/usr/local/texlive/2021/texmf-dist/tex/latex/pgf/basiclayer/pgf.sty
(/usr/local/texlive/2021/texmf-dist/tex/latex/pgf/utilities/pgfrcs.sty
(/usr/local/texlive/2021/texmf-dist/tex/generic/pgf/utilities/pgfutil-common.te
x
\pgfutil@everybye=\toks49
\pgfutil@tempdima=\dimen311
\pgfutil@tempdimb=\dimen312

(/usr/local/texlive/2021/texmf-dist/tex/generic/pgf/utilities/pgfutil-common-li
sts.tex))
(/usr/local/texlive/2021/texmf-dist/tex/generic/pgf/utilities/pgfutil-latex.def
\pgfutil@abb=\box75
) (/usr/local/texlive/2021/texmf-dist/tex/generic/pgf/utilities/pgfrcs.code.tex
(/usr/local/texlive/2021/texmf-dist/tex/generic/pgf/pgf.revision.tex)
Package: pgfrcs 2020/12/27 v3.1.8b (3.1.8b)
))
Package: pgf 2020/12/27 v3.1.8b (3.1.8b)

(/usr/local/texlive/2021/texmf-dist/tex/latex/pgf/basiclayer/pgfcore.sty
(/usr/local/texlive/2021/texmf-dist/tex/latex/pgf/systemlayer/pgfsys.sty
(/usr/local/texlive/2021/texmf-dist/tex/generic/pgf/systemlayer/pgfsys.code.tex
Package: pgfsys 2020/12/27 v3.1.8b (3.1.8b)
(/usr/local/texlive/2021/texmf-dist/tex/generic/pgf/utilities/pgfkeys.code.tex
\pgfkeys@pathtoks=\toks50
\pgfkeys@temptoks=\toks51

(/usr/local/texlive/2021/texmf-dist/tex/generic/pgf/utilities/pgfkeysfiltered.c
ode.tex
\pgfkeys@tmptoks=\toks52
))
\pgf@x=\dimen313
\pgf@y=\dimen314
\pgf@xa=\dimen315
\pgf@ya=\dimen316
\pgf@xb=\dimen317
\pgf@yb=\dimen318
\pgf@xc=\dimen319
\pgf@yc=\dimen320
\pgf@xd=\dimen321
\pgf@yd=\dimen322
\w@pgf@writea=\write5
\r@pgf@reada=\read4
\c@pgf@counta=\count369
\c@pgf@countb=\count370
\c@pgf@countc=\count371
\c@pgf@countd=\count372
\t@pgf@toka=\toks53
\t@pgf@tokb=\toks54
\t@pgf@tokc=\toks55
\pgf@sys@id@count=\count373

(/usr/local/texlive/2021/texmf-dist/tex/generic/pgf/systemlayer/pgf.cfg
File: pgf.cfg 2020/12/27 v3.1.8b (3.1.8b)
)
Driver file for pgf: pgfsys-pdftex.def

(/usr/local/texlive/2021/texmf-dist/tex/generic/pgf/systemlayer/pgfsys-pdftex.d
ef
File: pgfsys-pdftex.def 2020/12/27 v3.1.8b (3.1.8b)

(/usr/local/texlive/2021/texmf-dist/tex/generic/pgf/systemlayer/pgfsys-common-p
df.def
File: pgfsys-common-pdf.def 2020/12/27 v3.1.8b (3.1.8b)
)))
(/usr/local/texlive/2021/texmf-dist/tex/generic/pgf/systemlayer/pgfsyssoftpath.
code.tex
File: pgfsyssoftpath.code.tex 2020/12/27 v3.1.8b (3.1.8b)
\pgfsyssoftpath@smallbuffer@items=\count374
\pgfsyssoftpath@bigbuffer@items=\count375
)
(/usr/local/texlive/2021/texmf-dist/tex/generic/pgf/systemlayer/pgfsysprotocol.
code.tex
File: pgfsysprotocol.code.tex 2020/12/27 v3.1.8b (3.1.8b)
))
(/usr/local/texlive/2021/texmf-dist/tex/generic/pgf/basiclayer/pgfcore.code.tex
Package: pgfcore 2020/12/27 v3.1.8b (3.1.8b)
(/usr/local/texlive/2021/texmf-dist/tex/generic/pgf/math/pgfmath.code.tex
(/usr/local/texlive/2021/texmf-dist/tex/generic/pgf/math/pgfmathcalc.code.tex
(/usr/local/texlive/2021/texmf-dist/tex/generic/pgf/math/pgfmathutil.code.tex)
(/usr/local/texlive/2021/texmf-dist/tex/generic/pgf/math/pgfmathparser.code.tex
\pgfmath@dimen=\dimen323
\pgfmath@count=\count376
\pgfmath@box=\box76
\pgfmath@toks=\toks56
\pgfmath@stack@operand=\toks57
\pgfmath@stack@operation=\toks58
)
(/usr/local/texlive/2021/texmf-dist/tex/generic/pgf/math/pgfmathfunctions.code.
tex
(/usr/local/texlive/2021/texmf-dist/tex/generic/pgf/math/pgfmathfunctions.basic
.code.tex)
(/usr/local/texlive/2021/texmf-dist/tex/generic/pgf/math/pgfmathfunctions.trigo
nometric.code.tex)
(/usr/local/texlive/2021/texmf-dist/tex/generic/pgf/math/pgfmathfunctions.rando
m.code.tex)
(/usr/local/texlive/2021/texmf-dist/tex/generic/pgf/math/pgfmathfunctions.compa
rison.code.tex)
(/usr/local/texlive/2021/texmf-dist/tex/generic/pgf/math/pgfmathfunctions.base.
code.tex)
(/usr/local/texlive/2021/texmf-dist/tex/generic/pgf/math/pgfmathfunctions.round
.code.tex)
(/usr/local/texlive/2021/texmf-dist/tex/generic/pgf/math/pgfmathfunctions.misc.
code.tex)
(/usr/local/texlive/2021/texmf-dist/tex/generic/pgf/math/pgfmathfunctions.integ
erarithmetics.code.tex)))
(/usr/local/texlive/2021/texmf-dist/tex/generic/pgf/math/pgfmathfloat.code.tex
\c@pgfmathroundto@lastzeros=\count377
)) (/usr/local/texlive/2021/texmf-dist/tex/generic/pgf/math/pgfint.code.tex)
(/usr/local/texlive/2021/texmf-dist/tex/generic/pgf/basiclayer/pgfcorepoints.co
de.tex
File: pgfcorepoints.code.tex 2020/12/27 v3.1.8b (3.1.8b)
\pgf@picminx=\dimen324
\pgf@picmaxx=\dimen325
\pgf@picminy=\dimen326
\pgf@picmaxy=\dimen327
\pgf@pathminx=\dimen328
\pgf@pathmaxx=\dimen329
\pgf@pathminy=\dimen330
\pgf@pathmaxy=\dimen331
\pgf@xx=\dimen332
\pgf@xy=\dimen333
\pgf@yx=\dimen334
\pgf@yy=\dimen335
\pgf@zx=\dimen336
\pgf@zy=\dimen337
)
(/usr/local/texlive/2021/texmf-dist/tex/generic/pgf/basiclayer/pgfcorepathconst
ruct.code.tex
File: pgfcorepathconstruct.code.tex 2020/12/27 v3.1.8b (3.1.8b)
\pgf@path@lastx=\dimen338
\pgf@path@lasty=\dimen339
)
(/usr/local/texlive/2021/texmf-dist/tex/generic/pgf/basiclayer/pgfcorepathusage
.code.tex
File: pgfcorepathusage.code.tex 2020/12/27 v3.1.8b (3.1.8b)
\pgf@shorten@end@additional=\dimen340
\pgf@shorten@start@additional=\dimen341
)
(/usr/local/texlive/2021/texmf-dist/tex/generic/pgf/basiclayer/pgfcorescopes.co
de.tex
File: pgfcorescopes.code.tex 2020/12/27 v3.1.8b (3.1.8b)
\pgfpic=\box77
\pgf@hbox=\box78
\pgf@layerbox@main=\box79
\pgf@picture@serial@count=\count378
)
(/usr/local/texlive/2021/texmf-dist/tex/generic/pgf/basiclayer/pgfcoregraphicst
ate.code.tex
File: pgfcoregraphicstate.code.tex 2020/12/27 v3.1.8b (3.1.8b)
\pgflinewidth=\dimen342
)
(/usr/local/texlive/2021/texmf-dist/tex/generic/pgf/basiclayer/pgfcoretransform
ations.code.tex
File: pgfcoretransformations.code.tex 2020/12/27 v3.1.8b (3.1.8b)
\pgf@pt@x=\dimen343
\pgf@pt@y=\dimen344
\pgf@pt@temp=\dimen345
)
(/usr/local/texlive/2021/texmf-dist/tex/generic/pgf/basiclayer/pgfcorequick.cod
e.tex
File: pgfcorequick.code.tex 2020/12/27 v3.1.8b (3.1.8b)
)
(/usr/local/texlive/2021/texmf-dist/tex/generic/pgf/basiclayer/pgfcoreobjects.c
ode.tex
File: pgfcoreobjects.code.tex 2020/12/27 v3.1.8b (3.1.8b)
)
(/usr/local/texlive/2021/texmf-dist/tex/generic/pgf/basiclayer/pgfcorepathproce
ssing.code.tex
File: pgfcorepathprocessing.code.tex 2020/12/27 v3.1.8b (3.1.8b)
)
(/usr/local/texlive/2021/texmf-dist/tex/generic/pgf/basiclayer/pgfcorearrows.co
de.tex
File: pgfcorearrows.code.tex 2020/12/27 v3.1.8b (3.1.8b)
\pgfarrowsep=\dimen346
)
(/usr/local/texlive/2021/texmf-dist/tex/generic/pgf/basiclayer/pgfcoreshade.cod
e.tex
File: pgfcoreshade.code.tex 2020/12/27 v3.1.8b (3.1.8b)
\pgf@max=\dimen347
\pgf@sys@shading@range@num=\count379
\pgf@shadingcount=\count380
)
(/usr/local/texlive/2021/texmf-dist/tex/generic/pgf/basiclayer/pgfcoreimage.cod
e.tex
File: pgfcoreimage.code.tex 2020/12/27 v3.1.8b (3.1.8b)

(/usr/local/texlive/2021/texmf-dist/tex/generic/pgf/basiclayer/pgfcoreexternal.
code.tex
File: pgfcoreexternal.code.tex 2020/12/27 v3.1.8b (3.1.8b)
\pgfexternal@startupbox=\box80
))
(/usr/local/texlive/2021/texmf-dist/tex/generic/pgf/basiclayer/pgfcorelayers.co
de.tex
File: pgfcorelayers.code.tex 2020/12/27 v3.1.8b (3.1.8b)
)
(/usr/local/texlive/2021/texmf-dist/tex/generic/pgf/basiclayer/pgfcoretranspare
ncy.code.tex
File: pgfcoretransparency.code.tex 2020/12/27 v3.1.8b (3.1.8b)
)
(/usr/local/texlive/2021/texmf-dist/tex/generic/pgf/basiclayer/pgfcorepatterns.
code.tex
File: pgfcorepatterns.code.tex 2020/12/27 v3.1.8b (3.1.8b)
)
(/usr/local/texlive/2021/texmf-dist/tex/generic/pgf/basiclayer/pgfcorerdf.code.
tex
File: pgfcorerdf.code.tex 2020/12/27 v3.1.8b (3.1.8b)
)))
(/usr/local/texlive/2021/texmf-dist/tex/generic/pgf/modules/pgfmoduleshapes.cod
e.tex
File: pgfmoduleshapes.code.tex 2020/12/27 v3.1.8b (3.1.8b)
\pgfnodeparttextbox=\box81
)
(/usr/local/texlive/2021/texmf-dist/tex/generic/pgf/modules/pgfmoduleplot.code.
tex
File: pgfmoduleplot.code.tex 2020/12/27 v3.1.8b (3.1.8b)
)
(/usr/local/texlive/2021/texmf-dist/tex/latex/pgf/compatibility/pgfcomp-version
-0-65.sty
Package: pgfcomp-version-0-65 2020/12/27 v3.1.8b (3.1.8b)
\pgf@nodesepstart=\dimen348
\pgf@nodesepend=\dimen349
)
(/usr/local/texlive/2021/texmf-dist/tex/latex/pgf/compatibility/pgfcomp-version
-1-18.sty
Package: pgfcomp-version-1-18 2020/12/27 v3.1.8b (3.1.8b)
))
(/usr/local/texlive/2021/texmf-dist/tex/latex/pgf/utilities/pgffor.sty
(/usr/local/texlive/2021/texmf-dist/tex/latex/pgf/utilities/pgfkeys.sty
(/usr/local/texlive/2021/texmf-dist/tex/generic/pgf/utilities/pgfkeys.code.tex)
) (/usr/local/texlive/2021/texmf-dist/tex/latex/pgf/math/pgfmath.sty
(/usr/local/texlive/2021/texmf-dist/tex/generic/pgf/math/pgfmath.code.tex))
(/usr/local/texlive/2021/texmf-dist/tex/generic/pgf/utilities/pgffor.code.tex
Package: pgffor 2020/12/27 v3.1.8b (3.1.8b)

(/usr/local/texlive/2021/texmf-dist/tex/generic/pgf/math/pgfmath.code.tex)
\pgffor@iter=\dimen350
\pgffor@skip=\dimen351
\pgffor@stack=\toks59
\pgffor@toks=\toks60
))
(/usr/local/texlive/2021/texmf-dist/tex/generic/pgf/frontendlayer/tikz/tikz.cod
e.tex
Package: tikz 2020/12/27 v3.1.8b (3.1.8b)

(/usr/local/texlive/2021/texmf-dist/tex/generic/pgf/libraries/pgflibraryplothan
dlers.code.tex
File: pgflibraryplothandlers.code.tex 2020/12/27 v3.1.8b (3.1.8b)
\pgf@plot@mark@count=\count381
\pgfplotmarksize=\dimen352
)
\tikz@lastx=\dimen353
\tikz@lasty=\dimen354
\tikz@lastxsaved=\dimen355
\tikz@lastysaved=\dimen356
\tikz@lastmovetox=\dimen357
\tikz@lastmovetoy=\dimen358
\tikzleveldistance=\dimen359
\tikzsiblingdistance=\dimen360
\tikz@figbox=\box82
\tikz@figbox@bg=\box83
\tikz@tempbox=\box84
\tikz@tempbox@bg=\box85
\tikztreelevel=\count382
\tikznumberofchildren=\count383
\tikznumberofcurrentchild=\count384
\tikz@fig@count=\count385

(/usr/local/texlive/2021/texmf-dist/tex/generic/pgf/modules/pgfmodulematrix.cod
e.tex
File: pgfmodulematrix.code.tex 2020/12/27 v3.1.8b (3.1.8b)
\pgfmatrixcurrentrow=\count386
\pgfmatrixcurrentcolumn=\count387
\pgf@matrix@numberofcolumns=\count388
)
\tikz@expandcount=\count389

(/usr/local/texlive/2021/texmf-dist/tex/generic/pgf/frontendlayer/tikz/librarie
s/tikzlibrarytopaths.code.tex
File: tikzlibrarytopaths.code.tex 2020/12/27 v3.1.8b (3.1.8b)
)))
(/usr/local/texlive/2021/texmf-dist/tex/generic/pgf/frontendlayer/tikz/librarie
s/tikzlibrarychains.code.tex
File: tikzlibrarychains.code.tex 2020/12/27 v3.1.8b (3.1.8b)

(/usr/local/texlive/2021/texmf-dist/tex/generic/pgf/frontendlayer/tikz/librarie
s/tikzlibrarypositioning.code.tex
File: tikzlibrarypositioning.code.tex 2020/12/27 v3.1.8b (3.1.8b)
))
(/usr/local/texlive/2021/texmf-dist/tex/generic/pgf/frontendlayer/tikz/librarie
s/tikzlibraryshapes.geometric.code.tex
File: tikzlibraryshapes.geometric.code.tex 2020/12/27 v3.1.8b (3.1.8b)

(/usr/local/texlive/2021/texmf-dist/tex/generic/pgf/libraries/shapes/pgflibrary
shapes.geometric.code.tex
File: pgflibraryshapes.geometric.code.tex 2020/12/27 v3.1.8b (3.1.8b)
))
(/usr/local/texlive/2021/texmf-dist/tex/generic/pgf/frontendlayer/tikz/librarie
s/tikzlibraryshapes.symbols.code.tex
File: tikzlibraryshapes.symbols.code.tex 2020/12/27 v3.1.8b (3.1.8b)

(/usr/local/texlive/2021/texmf-dist/tex/generic/pgf/libraries/shapes/pgflibrary
shapes.symbols.code.tex
File: pgflibraryshapes.symbols.code.tex 2020/12/27 v3.1.8b (3.1.8b)
))
(/usr/local/texlive/2021/texmf-dist/tex/generic/pgf/frontendlayer/tikz/librarie
s/tikzlibraryarrows.code.tex
File: tikzlibraryarrows.code.tex 2020/12/27 v3.1.8b (3.1.8b)

(/usr/local/texlive/2021/texmf-dist/tex/generic/pgf/libraries/pgflibraryarrows.
code.tex
File: pgflibraryarrows.code.tex 2020/12/27 v3.1.8b (3.1.8b)
\arrowsize=\dimen361
)) (/usr/local/texlive/2021/texmf-dist/tex/latex/hyperref/hyperref.sty
Package: hyperref 2021-02-27 v7.00k Hypertext links for LaTeX

(/usr/local/texlive/2021/texmf-dist/tex/generic/pdftexcmds/pdftexcmds.sty
Package: pdftexcmds 2020-06-27 v0.33 Utility functions of pdfTeX for LuaTeX (HO
)
Package pdftexcmds Info: \pdf@primitive is available.
Package pdftexcmds Info: \pdf@ifprimitive is available.
Package pdftexcmds Info: \pdfdraftmode found.
)
(/usr/local/texlive/2021/texmf-dist/tex/generic/kvdefinekeys/kvdefinekeys.sty
Package: kvdefinekeys 2019-12-19 v1.6 Define keys (HO)
)
(/usr/local/texlive/2021/texmf-dist/tex/generic/pdfescape/pdfescape.sty
Package: pdfescape 2019/12/09 v1.15 Implements pdfTeX's escape features (HO)
)
(/usr/local/texlive/2021/texmf-dist/tex/latex/hycolor/hycolor.sty
Package: hycolor 2020-01-27 v1.10 Color options for hyperref/bookmark (HO)
)
(/usr/local/texlive/2021/texmf-dist/tex/latex/letltxmacro/letltxmacro.sty
Package: letltxmacro 2019/12/03 v1.6 Let assignment for LaTeX macros (HO)
)
(/usr/local/texlive/2021/texmf-dist/tex/latex/auxhook/auxhook.sty
Package: auxhook 2019-12-17 v1.6 Hooks for auxiliary files (HO)
)
\@linkdim=\dimen362
\Hy@linkcounter=\count390
\Hy@pagecounter=\count391

(/usr/local/texlive/2021/texmf-dist/tex/latex/hyperref/pd1enc.def
File: pd1enc.def 2021-02-27 v7.00k Hyperref: PDFDocEncoding definition (HO)
Now handling font encoding PD1 ...
... no UTF-8 mapping file for font encoding PD1
)
(/usr/local/texlive/2021/texmf-dist/tex/latex/hyperref/hyperref-langpatches.def
File: hyperref-langpatches.def 2021-02-27 v7.00k Hyperref: patches for babel la
nguages
) (/usr/local/texlive/2021/texmf-dist/tex/generic/intcalc/intcalc.sty
Package: intcalc 2019/12/15 v1.3 Expandable calculations with integers (HO)
)
\Hy@SavedSpaceFactor=\count392

(/usr/local/texlive/2021/texmf-dist/tex/latex/hyperref/puenc.def
File: puenc.def 2021-02-27 v7.00k Hyperref: PDF Unicode definition (HO)
Now handling font encoding PU ...
... no UTF-8 mapping file for font encoding PU
)
Package hyperref Info: Option `unicode' set `true' on input line 3167.
Package hyperref Info: Hyper figures OFF on input line 4192.
Package hyperref Info: Link nesting OFF on input line 4197.
Package hyperref Info: Hyper index ON on input line 4200.
Package hyperref Info: Plain pages OFF on input line 4207.
Package hyperref Info: Backreferencing OFF on input line 4212.
Package hyperref Info: Implicit mode ON; LaTeX internals redefined.
Package hyperref Info: Bookmarks ON on input line 4445.
\c@Hy@tempcnt=\count393

(/usr/local/texlive/2021/texmf-dist/tex/latex/url/url.sty
\Urlmuskip=\muskip20
Package: url 2013/09/16  ver 3.4  Verb mode for urls, etc.
)
LaTeX Info: Redefining \url on input line 4804.
\XeTeXLinkMargin=\dimen363

(/usr/local/texlive/2021/texmf-dist/tex/generic/bitset/bitset.sty
Package: bitset 2019/12/09 v1.3 Handle bit-vector datatype (HO)

(/usr/local/texlive/2021/texmf-dist/tex/generic/bigintcalc/bigintcalc.sty
Package: bigintcalc 2019/12/15 v1.5 Expandable calculations on big integers (HO
)
))
\Fld@menulength=\count394
\Field@Width=\dimen364
\Fld@charsize=\dimen365
Package hyperref Info: Hyper figures OFF on input line 6075.
Package hyperref Info: Link nesting OFF on input line 6080.
Package hyperref Info: Hyper index ON on input line 6083.
Package hyperref Info: backreferencing OFF on input line 6090.
Package hyperref Info: Link coloring OFF on input line 6095.
Package hyperref Info: Link coloring with OCG OFF on input line 6100.
Package hyperref Info: PDF/A mode OFF on input line 6105.
LaTeX Info: Redefining \ref on input line 6145.
LaTeX Info: Redefining \pageref on input line 6149.

(/usr/local/texlive/2021/texmf-dist/tex/latex/base/atbegshi-ltx.sty
Package: atbegshi-ltx 2020/08/17 v1.0a Emulation of the original atbegshi packa
ge
with kernel methods
)
\Hy@abspage=\count395
\c@Item=\count396
\c@Hfootnote=\count397
)
(/usr/local/texlive/2021/texmf-dist/tex/latex/memoir/memhfixc.sty
Package: memhfixc 2019/10/24 v1.18 nameref/hyperref package fixes for memoir cl
ass
\c@memhycontfloat=\count398
\c@Hpagenote=\count399
)
Package hyperref Info: Driver (autodetected): hpdftex.

(/usr/local/texlive/2021/texmf-dist/tex/latex/hyperref/hpdftex.def
File: hpdftex.def 2021-02-27 v7.00k Hyperref driver for pdfTeX

(/usr/local/texlive/2021/texmf-dist/tex/latex/base/atveryend-ltx.sty
Package: atveryend-ltx 2020/08/19 v1.0a Emulation of the original atvery packag
e
with kernel methods
)
\Fld@listcount=\count400
\c@bookmark@seq@number=\count401

(/usr/local/texlive/2021/texmf-dist/tex/latex/rerunfilecheck/rerunfilecheck.sty
Package: rerunfilecheck 2019/12/05 v1.9 Rerun checks for auxiliary files (HO)

(/usr/local/texlive/2021/texmf-dist/tex/generic/uniquecounter/uniquecounter.sty
Package: uniquecounter 2019/12/15 v1.4 Provide unlimited unique counter (HO)
)
Package uniquecounter Info: New unique counter `rerunfilecheck' on input line 2
86.
)
\Hy@SectionHShift=\skip276
) (/usr/local/texlive/2021/texmf-dist/tex/latex/caption/caption.sty
Package: caption 2020/10/26 v3.5g Customizing captions (AR)

(/usr/local/texlive/2021/texmf-dist/tex/latex/caption/caption3.sty
Package: caption3 2020/10/21 v2.2e caption3 kernel (AR)
\captionmargin=\dimen366
\captionmargin@=\dimen367
\captionwidth=\dimen368
\caption@tempdima=\dimen369
\caption@indent=\dimen370
\caption@parindent=\dimen371
\caption@hangindent=\dimen372
Package caption Info: memoir document class detected.

(/usr/local/texlive/2021/texmf-dist/tex/latex/caption/caption-memoir.sto
File: caption-memoir.sto 2020/10/10 v2.1 Adaption of the caption package to the
 memoir document class (AR)
))
\c@caption@flags=\count402
\c@continuedfloat=\count403
Package caption Info: changepage package is loaded.
\caption@adjustwidth@hsize=\dimen373
\caption@adjustwidth@linewidth=\dimen374
Package caption Info: hyperref package is loaded.
Package caption Info: longtable package is loaded.
Package caption Info: threeparttable package is loaded.
)
(/usr/local/texlive/2021/texmf-dist/tex/latex/caption/subcaption.sty
Package: subcaption 2020/10/07 v1.3j Sub-captions (AR)
\c@subfigure=\count404
\c@subtable=\count405
)
(/usr/local/texlive/2021/texmf-dist/tex/latex/pdfpages/pdfpages.sty
Package: pdfpages 2021/03/06 v0.5t Insert pages of external PDF documents (AM)

(/usr/local/texlive/2021/texmf-dist/tex/latex/base/ifthen.sty
Package: ifthen 2014/09/29 v1.1c Standard LaTeX ifthen package (DPC)
)
(/usr/local/texlive/2021/texmf-dist/tex/latex/eso-pic/eso-pic.sty
Package: eso-pic 2020/10/14 v3.0a eso-pic (RN)
\ESO@tempdima=\dimen375
\ESO@tempdimb=\dimen376
)
\AM@pagewidth=\dimen377
\AM@pageheight=\dimen378
\AM@fboxrule=\dimen379

(/usr/local/texlive/2021/texmf-dist/tex/latex/pdfpages/pppdftex.def
File: pppdftex.def 2021/03/06 v0.5t Pdfpages driver for pdfTeX (AM)
)
\pdfpages@includegraphics@status=\count406
\AM@pagebox=\box86
\AM@global@opts=\toks61
\AM@pagecnt=\count407
\AM@toc@title=\toks62
\c@AM@survey=\count408
\AM@templatesizebox=\box87
)
(/usr/local/texlive/2021/texmf-dist/tex/latex/oberdiek/aliascnt.sty
Package: aliascnt 2018/09/07 v1.5 Alias counters (HO)
)
(/usr/local/texlive/2021/texmf-dist/tex/latex/totalcount/totalcount.sty
Package: totalcount 2018/01/21 v1.0a Total values of counters (AR)
\c@totalcount@figure=\count409
\c@totalcount@table=\count410
)
(/usr/local/texlive/2021/texmf-dist/tex/latex/totcount/totcount.sty
Package: totcount 2011/01/25 v1.2 package for gettingthe total value of LaTeX c
ounters
)
(/usr/local/texlive/2021/texmf-dist/tex/latex/totpages/totpages.sty
Package: totpages 2005/09/19 v2.00 Totpages Package (muewi)

(/usr/local/texlive/2021/texmf-dist/tex/latex/base/everyshi-ltx.sty
Package: everyshi-ltx 2020/08/17 v1.0a Emulation of the original everyshi packa
ge
with kernel methods
))
(/usr/local/texlive/2021/texmf-dist/tex/latex/cleveref/cleveref.sty
Package: cleveref 2018/03/27 v0.21.4 Intelligent cross-referencing
LaTeX Info: Redefining \Cref on input line 925.
Package cleveref Info: `hyperref' support loaded on input line 2370.
LaTeX Info: Redefining \cref on input line 2370.
LaTeX Info: Redefining \Cref on input line 2370.
LaTeX Info: Redefining \crefrange on input line 2370.
LaTeX Info: Redefining \Crefrange on input line 2370.
LaTeX Info: Redefining \cpageref on input line 2370.
LaTeX Info: Redefining \Cpageref on input line 2370.
LaTeX Info: Redefining \cpagerefrange on input line 2370.
LaTeX Info: Redefining \Cpagerefrange on input line 2370.
LaTeX Info: Redefining \labelcref on input line 2370.
LaTeX Info: Redefining \labelcpageref on input line 2370.
Package cleveref Info: `amsthm' support loaded on input line 3026.
Package cleveref Info: `aliascnt' support loaded on input line 3193.
)
(/usr/local/texlive/2021/texmf-dist/tex/latex/placeins/placeins.sty
Package: placeins 2005/04/18  v 2.2
))
(./Dissertation/dispackages.tex
(/usr/local/texlive/2021/texmf-dist/tex/latex/tools/afterpage.sty
Package: afterpage 2014/10/28 v1.08 After-Page Package (DPC)
\AP@output=\toks63
\AP@partial=\box88
\AP@footins=\box89
)
(/usr/local/texlive/2021/texmf-dist/tex/latex/enumitem/enumitem.sty
Package: enumitem 2019/06/20 v3.9 Customized lists
\labelindent=\skip277
\enit@outerparindent=\dimen380
\enit@toks=\toks64
\enit@inbox=\box90
\enit@count@id=\count411
\enitdp@description=\count412
)
(/usr/local/texlive/2021/texmf-dist/tex/latex/nomencl/nomencl.sty
Package: nomencl 2020/12/29 v5.5 Nomenclature package

(/usr/local/texlive/2021/texmf-dist/tex/latex/xkeyval/xkeyval.sty
Package: xkeyval 2020/11/20 v2.8 package option processing (HA)

(/usr/local/texlive/2021/texmf-dist/tex/generic/xkeyval/xkeyval.tex
(/usr/local/texlive/2021/texmf-dist/tex/generic/xkeyval/xkvutils.tex
\XKV@toks=\toks65
\XKV@tempa@toks=\toks66
)
\XKV@depth=\count413
File: xkeyval.tex 2014/12/03 v2.7a key=value parser (HA)
))
(/usr/local/texlive/2021/texmf-dist/tex/latex/koma-script/tocbasic.sty
Package: tocbasic 2021/03/17 v3.33 KOMA-Script package (handling toc-files)

(/usr/local/texlive/2021/texmf-dist/tex/latex/koma-script/scrbase.sty
Package: scrbase 2021/03/17 v3.33 KOMA-Script package (KOMA-Script-independent 
basics and keyval usage)

(/usr/local/texlive/2021/texmf-dist/tex/latex/koma-script/scrlfile.sty
Package: scrlfile 2021/03/17 v3.33 KOMA-Script package (file load hooks)

(/usr/local/texlive/2021/texmf-dist/tex/latex/koma-script/scrlfile-hook.sty
Package: scrlfile-hook 2021/03/17 v3.33 KOMA-Script package (using LaTeX hooks)


(/usr/local/texlive/2021/texmf-dist/tex/latex/koma-script/scrlogo.sty
Package: scrlogo 2021/03/17 v3.33 KOMA-Script package (logo)
)))
Skipping: [2021/05/01] Usage of raw option list on input line 252.
Applying: [0000/00/00] compatibility for LaTeX before 2021/05/01 on input line 
337.
)
\scr@dte@tocline@numberwidth=\skip278
\scr@dte@tocline@numbox=\box91
)
Package tocbasic Info: setting babel extension for `nlo' on input line 187.
Package tocbasic Info: setting babel extension for `nls' on input line 188.
\nomlabelwidth=\dimen381
\nom@tempdim=\dimen382
\nomitemsep=\skip279
)
\@nomenclaturefile=\write6
\openout6 = `dissertation.nlo'.

Package nomencl Info: Writing nomenclature file dissertation.nlo on input line 
13.
)
(./Dissertation/userpackages.tex
(/usr/local/texlive/2021/texmf-dist/tex/latex/floatrow/fr-longtable.sty
Package: fr-longtable 2007/11/28 v0.1b (beta) floatrow: additions for longtable

\flrow@LT@lasthead=\box92
\flrow@LT@prelastfoot=\box93
\c@FBLTpage=\count414
)
(/usr/local/texlive/2021/texmf-dist/tex/latex/fancyvrb/fancyvrb.sty
Package: fancyvrb 2021/01/20 v3.7 verbatim text (tvz,hv)
\FV@CodeLineNo=\count415
\FV@InFile=\read5
\FV@TabBox=\box94
\c@FancyVerbLine=\count416
\FV@StepNumber=\count417
\FV@OutFile=\write7
)
(/usr/local/texlive/2021/texmf-dist/tex/latex/listings/listings.sty
\lst@mode=\count418
\lst@gtempboxa=\box95
\lst@token=\toks67
\lst@length=\count419
\lst@currlwidth=\dimen383
\lst@column=\count420
\lst@pos=\count421
\lst@lostspace=\dimen384
\lst@width=\dimen385
\lst@newlines=\count422
\lst@lineno=\count423
\lst@maxwidth=\dimen386

(/usr/local/texlive/2021/texmf-dist/tex/latex/listings/lstmisc.sty
File: lstmisc.sty 2020/03/24 1.8d (Carsten Heinz)
\c@lstnumber=\count424
\lst@skipnumbers=\count425
\lst@framebox=\box96
)
(/usr/local/texlive/2021/texmf-dist/tex/latex/listings/listings.cfg
File: listings.cfg 2020/03/24 1.8d listings configuration
))
Package: listings 2020/03/24 1.8d (Carsten Heinz)

(/usr/local/texlive/2021/texmf-dist/tex/latex/was/upgreek.sty
Package: upgreek 2003/02/12 v2.0 (WaS)
Package upgreek Info: Using Euler Roman for upright Greek on input line 31.
\symugrf@m=\mathgroup6
LaTeX Font Info:    Overwriting symbol font `ugrf@m' in version `bold'
(Font)                  U/eur/m/n --> U/eur/b/n on input line 38.
))
(./Dissertation/setup.tex
\c@intvl=\count426
\c@otstup=\count427
\c@contnumeq=\count428
\c@contnumfig=\count429
\c@contnumtab=\count430
\c@pgnum=\count431
\c@chapstyle=\count432
\c@headingdelim=\count433
\c@headingalign=\count434
\c@headingsize=\count435
) (./common/newnames.tex) (./common/data.tex)
(./common/fonts.tex) (./common/styles.tex
Package hyperref Info: Option `linktocpage' set `true' on input line 169.
Package hyperref Info: Option `plainpages' set `false' on input line 169.
Package hyperref Info: Option `colorlinks' set `true' on input line 169.
 Excluding comment 'commentbox')
(./Dissertation/disstyles.tex
\otstuplen=\skip280
) (./Dissertation/userstyles.tex
\twless=\skip281
\lmarg=\skip282
\c@ListingEnv=\count436
\c@loldepth=\count437
\c@rowcnt=\count438
)
(./biblio/biblatex.tex
(/usr/local/texlive/2021/texmf-dist/tex/latex/csquotes/csquotes.sty
Package: csquotes 2021-02-22 v5.2l context-sensitive quotations (JAW)
\csq@reset=\count439
\csq@gtype=\count440
\csq@glevel=\count441
\csq@qlevel=\count442
\csq@maxlvl=\count443
\csq@tshold=\count444
\csq@ltx@everypar=\toks68

(/usr/local/texlive/2021/texmf-dist/tex/latex/csquotes/csquotes.def
File: csquotes.def 2021-02-22 v5.2l csquotes generic definitions (JAW)
)
Package csquotes Info: Trying to load configuration file 'csquotes.cfg'...
Package csquotes Info: ... configuration file loaded successfully.

(/usr/local/texlive/2021/texmf-dist/tex/latex/csquotes/csquotes.cfg
File: csquotes.cfg 
))
(/usr/local/texlive/2021/texmf-dist/tex/latex/biblatex/biblatex.sty
Package: biblatex 2020/12/31 v3.16 programmable bibliographies (PK/MW)

(/usr/local/texlive/2021/texmf-dist/tex/latex/logreq/logreq.sty
Package: logreq 2010/08/04 v1.0 xml request logger
\lrq@indent=\count445

(/usr/local/texlive/2021/texmf-dist/tex/latex/logreq/logreq.def
File: logreq.def 2010/08/04 v1.0 logreq spec v1.0
))
\c@tabx@nest=\count446
\c@listtotal=\count447
\c@listcount=\count448
\c@liststart=\count449
\c@liststop=\count450
\c@citecount=\count451
\c@citetotal=\count452
\c@multicitecount=\count453
\c@multicitetotal=\count454
\c@instcount=\count455
\c@maxnames=\count456
\c@minnames=\count457
\c@maxitems=\count458
\c@minitems=\count459
\c@citecounter=\count460
\c@maxcitecounter=\count461
\c@savedcitecounter=\count462
\c@uniquelist=\count463
\c@uniquename=\count464
\c@refsection=\count465
\c@refsegment=\count466
\c@maxextratitle=\count467
\c@maxextratitleyear=\count468
\c@maxextraname=\count469
\c@maxextradate=\count470
\c@maxextraalpha=\count471
\c@abbrvpenalty=\count472
\c@highnamepenalty=\count473
\c@lownamepenalty=\count474
\c@maxparens=\count475
\c@parenlevel=\count476
\blx@tempcnta=\count477
\blx@tempcntb=\count478
\blx@tempcntc=\count479
\blx@maxsection=\count480
\blx@maxsegment@0=\count481
\blx@notetype=\count482
\blx@parenlevel@text=\count483
\blx@parenlevel@foot=\count484
\blx@sectionciteorder@0=\count485
\blx@entrysetcounter=\count486
\blx@biblioinstance=\count487
\labelnumberwidth=\skip283
\labelalphawidth=\skip284
\biblabelsep=\skip285
\bibnamesep=\skip286
\bibinitsep=\skip287
\bibparsep=\skip288
\bibhang=\skip289
\blx@bcfin=\read6
\blx@bcfout=\write8
\blx@langwohyphens=\language88
\c@mincomprange=\count488
\c@maxcomprange=\count489
\c@mincompwidth=\count490
Package biblatex Info: Trying to load biblatex default data model...
Package biblatex Info: ... file 'blx-dm.def' found.

(/usr/local/texlive/2021/texmf-dist/tex/latex/biblatex/blx-dm.def
File: blx-dm.def 2020/12/31 v3.16 biblatex localization (PK/MW)
)
Package biblatex Info: Trying to load biblatex style data model...
Package biblatex Info: ... file 'gost-numeric.dbx' found.

(/usr/local/texlive/2021/texmf-dist/tex/latex/biblatex-gost/gost-numeric.dbx
File: gost-numeric.dbx 2020/10/28 v1.21 biblatex-gost data model
Package biblatex Info: Trying to load biblatex-gost data model...
Package biblatex Info: ... file 'biblatex-gost.dbx' found.

(/usr/local/texlive/2021/texmf-dist/tex/latex/biblatex-gost/biblatex-gost.dbx
File: biblatex-gost.dbx 2020/10/28 v1.21 biblatex-gost data model
))
Package biblatex Info: Trying to load biblatex custom data model...
Package biblatex Info: ... file 'biblatex-dm.cfg' not found.
\c@afterword=\count491
\c@savedafterword=\count492
\c@annotator=\count493
\c@savedannotator=\count494
\c@author=\count495
\c@savedauthor=\count496
\c@bookauthor=\count497
\c@savedbookauthor=\count498
\c@commentator=\count499
\c@savedcommentator=\count500
\c@editor=\count501
\c@savededitor=\count502
\c@editora=\count503
\c@savededitora=\count504
\c@editorb=\count505
\c@savededitorb=\count506
\c@editorc=\count507
\c@savededitorc=\count508
\c@foreword=\count509
\c@savedforeword=\count510
\c@holder=\count511
\c@savedholder=\count512
\c@introduction=\count513
\c@savedintroduction=\count514
\c@namea=\count515
\c@savednamea=\count516
\c@nameb=\count517
\c@savednameb=\count518
\c@namec=\count519
\c@savednamec=\count520
\c@translator=\count521
\c@savedtranslator=\count522
\c@shortauthor=\count523
\c@savedshortauthor=\count524
\c@shorteditor=\count525
\c@savedshorteditor=\count526
\c@booktranslator=\count527
\c@savedbooktranslator=\count528
\c@bookcommentator=\count529
\c@savedbookcommentator=\count530
\c@bookannotator=\count531
\c@savedbookannotator=\count532
\c@bookintroduction=\count533
\c@savedbookintroduction=\count534
\c@bookforeword=\count535
\c@savedbookforeword=\count536
\c@bookafterword=\count537
\c@savedbookafterword=\count538
\c@labelname=\count539
\c@savedlabelname=\count540
\c@institution=\count541
\c@savedinstitution=\count542
\c@lista=\count543
\c@savedlista=\count544
\c@listb=\count545
\c@savedlistb=\count546
\c@listc=\count547
\c@savedlistc=\count548
\c@listd=\count549
\c@savedlistd=\count550
\c@liste=\count551
\c@savedliste=\count552
\c@listf=\count553
\c@savedlistf=\count554
\c@location=\count555
\c@savedlocation=\count556
\c@organization=\count557
\c@savedorganization=\count558
\c@origlocation=\count559
\c@savedoriglocation=\count560
\c@origpublisher=\count561
\c@savedorigpublisher=\count562
\c@publisher=\count563
\c@savedpublisher=\count564
\c@language=\count565
\c@savedlanguage=\count566
\c@origlanguage=\count567
\c@savedoriglanguage=\count568
\c@bookoriglanguage=\count569
\c@savedbookoriglanguage=\count570
\c@specdata=\count571
\c@savedspecdata=\count572
\c@credits=\count573
\c@savedcredits=\count574
\c@bookcredits=\count575
\c@savedbookcredits=\count576
\c@editioncredits=\count577
\c@savededitioncredits=\count578
\c@pageref=\count579
\c@savedpageref=\count580
\shorthandwidth=\skip290
\shortjournalwidth=\skip291
\shortserieswidth=\skip292
\shorttitlewidth=\skip293
\shortauthorwidth=\skip294
\shorteditorwidth=\skip295
\locallabelnumberwidth=\skip296
\locallabelalphawidth=\skip297
\localshorthandwidth=\skip298
\localshortjournalwidth=\skip299
\localshortserieswidth=\skip300
\localshorttitlewidth=\skip301
\localshortauthorwidth=\skip302
\localshorteditorwidth=\skip303
Package biblatex Info: Trying to load compatibility code...
Package biblatex Info: ... file 'blx-compat.def' found.
(/usr/local/texlive/2021/texmf-dist/tex/latex/biblatex/blx-compat.def
File: blx-compat.def 2020/12/31 v3.16 biblatex compatibility (PK/MW)
)
Package biblatex Info: Trying to load generic definitions...
Package biblatex Info: ... file 'biblatex.def' found.

(/usr/local/texlive/2021/texmf-dist/tex/latex/biblatex/biblatex.def
File: biblatex.def 2020/12/31 v3.16 biblatex compatibility (PK/MW)
\c@textcitecount=\count581
\c@textcitetotal=\count582
\c@textcitemaxnames=\count583
\c@biburlbigbreakpenalty=\count584
\c@biburlbreakpenalty=\count585
\c@biburlnumpenalty=\count586
\c@biburlucpenalty=\count587
\c@biburllcpenalty=\count588
\biburlbigskip=\muskip21
\biburlnumskip=\muskip22
\biburlucskip=\muskip23
\biburllcskip=\muskip24
\c@smartand=\count589
)
Package biblatex Info: Trying to load bibliography style 'gost-numeric'...
Package biblatex Info: ... file 'gost-numeric.bbx' found.

(/usr/local/texlive/2021/texmf-dist/tex/latex/biblatex-gost/gost-numeric.bbx
File: gost-numeric.bbx 2020/10/28 v1.21 biblatex-gost styles
Package biblatex Info: Trying to load bibliography style 'gost-standard'...
Package biblatex Info: ... file 'gost-standard.bbx' found.

(/usr/local/texlive/2021/texmf-dist/tex/latex/biblatex-gost/gost-standard.bbx
File: gost-standard.bbx 2020/10/28 v1.21 biblatex-gost styles


Package biblatex-gost Warning: Applying temporary patch for Unicode symbols.
(biblatex-gost)                For details see biblatex issue #960.

Package biblatex Info: Trying to load biblatex-gost generic definitions...
Package biblatex Info: ... file 'biblatex-gost.def' found.
(/usr/local/texlive/2021/texmf-dist/tex/latex/biblatex-gost/biblatex-gost.def
File: biblatex-gost.def 2020/10/28 v1.21 biblatex-gost styles
)
\c@blx@gost@pointer=\count590
\c@bbx:relatedcount=\count591
\c@bbx:relatedtotal=\count592
Package biblatex Info: Redefining autocite command 'footnote'.
Package biblatex Info: Redefining autocite command 'superscript'.
))
Package biblatex Info: Trying to load citation style 'gost-numeric'...
Package biblatex Info: ... file 'gost-numeric.cbx' found.
 (/usr/local/texlive/2021/texmf-dist/tex/latex/biblatex-gost/gost-numeric.cbx
File: gost-numeric.cbx 2020/10/28 v1.21 biblatex-gost styles
Package biblatex Info: Trying to load citation style 'numeric-comp'...
Package biblatex Info: ... file 'numeric-comp.cbx' found.

(/usr/local/texlive/2021/texmf-dist/tex/latex/biblatex/cbx/numeric-comp.cbx
File: numeric-comp.cbx 2020/12/31 v3.16 biblatex citation style (PK/MW)
\c@cbx@tempcnta=\count593
\c@cbx@tempcntb=\count594
\c@cbx@tempcntc=\count595
\c@cbx@tempcntd=\count596
Package biblatex Info: Redefining '\cite'.
Package biblatex Info: Redefining '\parencite'.
Package biblatex Info: Redefining '\footcite'.
Package biblatex Info: Redefining '\footcitetext'.
Package biblatex Info: Redefining '\smartcite'.
Package biblatex Info: Redefining '\supercite'.
Package biblatex Info: Redefining '\textcite'.
Package biblatex Info: Redefining '\textcites'.
Package biblatex Info: Redefining '\cites'.
Package biblatex Info: Redefining '\parencites'.
Package biblatex Info: Redefining '\smartcites'.
))
Package biblatex Info: Trying to load configuration file...
Package biblatex Info: ... file 'biblatex.cfg' found.

(/usr/local/texlive/2021/texmf-dist/tex/latex/biblatex/biblatex.cfg
File: biblatex.cfg 
))
\c@citenum=\count597
\c@citenum@totc=\count598
\c@citeauthorvak=\count599
\c@citeauthorvak@totc=\count600
\c@citeauthorscopus=\count601
\c@citeauthorscopus@totc=\count602
\c@citeauthorwos=\count603
\c@citeauthorwos@totc=\count604
\c@citeauthorother=\count605
\c@citeauthorother@totc=\count606
\c@citeauthorconf=\count607
\c@citeauthorconf@totc=\count608
\c@citeauthor=\count609
\c@citeauthor@totc=\count610
\c@citeauthorvakscopuswos=\count611
\c@citeauthorvakscopuswos@totc=\count612
\c@citeauthorscopuswos=\count613
\c@citeauthorscopuswos@totc=\count614
\c@citeregistered=\count615
\c@citeregistered@totc=\count616
\c@citeauthorpatent=\count617
\c@citeauthorpatent@totc=\count618
\c@citeauthorprogram=\count619
\c@citeauthorprogram@totc=\count620
\c@citeexternal=\count621
\c@citeexternal@totc=\count622
)
Selected options:
Draft mode: 0
Font: 1
AltFont: 1
Bibliography backend: 1
Precompile images: 0
Package csquotes Info: Checking for multilingual support...
Package csquotes Info: ... found 'babel' package.
Package csquotes Info: Adjusting default style.
Package csquotes Info: Redefining alias 'default' -> 'russian'.
No file dissertation.aux.
\openout1 = `dissertation.aux'.

LaTeX Font Info:    Checking defaults for OML/cmm/m/it on input line 52.
LaTeX Font Info:    ... okay on input line 52.
LaTeX Font Info:    Checking defaults for OMS/cmsy/m/n on input line 52.
LaTeX Font Info:    ... okay on input line 52.
LaTeX Font Info:    Checking defaults for OT1/cmr/m/n on input line 52.
LaTeX Font Info:    ... okay on input line 52.
LaTeX Font Info:    Checking defaults for T1/cmr/m/n on input line 52.
LaTeX Font Info:    ... okay on input line 52.
LaTeX Font Info:    Checking defaults for TS1/cmr/m/n on input line 52.
LaTeX Font Info:    ... okay on input line 52.
LaTeX Font Info:    Checking defaults for OMX/cmex/m/n on input line 52.
LaTeX Font Info:    ... okay on input line 52.
LaTeX Font Info:    Checking defaults for U/cmr/m/n on input line 52.
LaTeX Font Info:    ... okay on input line 52.
LaTeX Font Info:    Checking defaults for T2A/cmr/m/n on input line 52.
LaTeX Font Info:    ... okay on input line 52.
LaTeX Font Info:    Checking defaults for PD1/pdf/m/n on input line 52.
LaTeX Font Info:    ... okay on input line 52.
LaTeX Font Info:    Checking defaults for PU/pdf/m/n on input line 52.
LaTeX Font Info:    ... okay on input line 52.
Package nag Info: pgf.sty is broken: disabling dollar check on input line 52.
Package nag Info: Command \RaggedLeft not defined, skipping amendment on input 
line 52.
Package nag Info: Command \RaggedRight not defined, skipping amendment on input
 line 52.
(/usr/local/texlive/2021/texmf-dist/tex/context/base/mkii/supp-pdf.mkii
[Loading MPS to PDF converter (version 2006.09.02).]
\scratchcounter=\count623
\scratchdimen=\dimen387
\scratchbox=\box97
\nofMPsegments=\count624
\nofMParguments=\count625
\everyMPshowfont=\toks69
\MPscratchCnt=\count626
\MPscratchDim=\dimen388
\MPnumerator=\count627
\makeMPintoPDFobject=\count628
\everyMPtoPDFconversion=\toks70
) (/usr/local/texlive/2021/texmf-dist/tex/latex/epstopdf-pkg/epstopdf-base.sty
Package: epstopdf-base 2020-01-24 v2.11 Base part for package epstopdf

(/usr/local/texlive/2021/texmf-dist/tex/latex/grfext/grfext.sty
Package: grfext 2019/12/03 v1.3 Manage graphics extensions (HO)
)
Package epstopdf-base Info: Redefining graphics rule for `.eps' on input line 4
85.
Package grfext Info: Graphics extension search list:
(grfext)             [.pdf,.png,.jpg,.mps,.jpeg,.jbig2,.jb2,.PDF,.PNG,.JPG,.JPE
G,.JBIG2,.JB2,.eps]
(grfext)             \AppendGraphicsExtensions on input line 504.

(/usr/local/texlive/2021/texmf-dist/tex/latex/latexconfig/epstopdf-sys.cfg
File: epstopdf-sys.cfg 2010/07/13 v1.3 Configuration of (r)epstopdf for TeX Liv
e
))
*geometry* driver: auto-detecting
*geometry* detected driver: pdftex
*geometry* verbose mode - [ preamble ] result:
* driver: pdftex
* paper: a4paper
* layout: <same size as paper>
* layoutoffset:(h,v)=(0.0pt,0.0pt)
* modes: 
* h-part:(L,W,R)=(71.13188pt, 497.92325pt, 28.45274pt)
* v-part:(T,H,B)=(56.9055pt, 731.23584pt, 56.9055pt)
* \paperwidth=597.50787pt
* \paperheight=845.04684pt
* \textwidth=497.92325pt
* \textheight=731.23584pt
* \oddsidemargin=-1.1381pt
* \evensidemargin=-1.1381pt
* \topmargin=-54.5457pt
* \headheight=17.5pt
* \headsep=21.68121pt
* \topskip=0.0pt
* \footskip=12.3pt
* \marginparwidth=0.0pt
* \marginparsep=0.0pt
* \columnsep=10.0pt
* \skip\footins=12.0pt plus 4.0pt minus 4.0pt
* \hoffset=0.0pt
* \voffset=0.0pt
* \mag=1000
* \@twocolumnfalse
* \@twosidefalse
* \@mparswitchfalse
* \@reversemarginfalse
* (1in=72.27pt=25.4mm, 1cm=28.453pt)


(/usr/local/texlive/2021/texmf-dist/tex/latex/siunitx/siunitx-abbreviations.cfg
File: siunitx-abbreviations.cfg 2017/11/26 v2.7k siunitx: Abbreviated units
)
(/usr/local/texlive/2021/texmf-dist/tex/latex/translator/translator-basic-dicti
onary-English.dict
Dictionary: translator-basic-dictionary, Language: English 
)
LaTeX Info: Redefining \th on input line 52.
Package hyperref Info: Link coloring ON on input line 52.

(/usr/local/texlive/2021/texmf-dist/tex/latex/hyperref/nameref.sty
Package: nameref 2021-04-02 v2.47 Cross-referencing by name of section

(/usr/local/texlive/2021/texmf-dist/tex/latex/refcount/refcount.sty
Package: refcount 2019/12/15 v3.6 Data extraction from label references (HO)
)
(/usr/local/texlive/2021/texmf-dist/tex/generic/gettitlestring/gettitlestring.s
ty
Package: gettitlestring 2019/12/15 v1.6 Cleanup title references (HO)
)
\c@section@level=\count629
)
Redoing nameref's sectioning
Redoing nameref's label
LaTeX Info: Redefining \nameref on input line 52.
LaTeX Info: Redefining \ref on input line 52.
LaTeX Info: Redefining \pageref on input line 52.
LaTeX Info: Redefining \nameref on input line 52.
\@outlinefile=\write9
\openout9 = `dissertation.out'.

Package caption Info: Begin \AtBeginDocument code.
Package caption Info: listings package is loaded.
Package caption Info: End \AtBeginDocument code.
\c@lstlisting=\count630
Package biblatex Info: Trying to load language 'russian' -> 'russian-gost'...
Package biblatex Info: ... file 'russian-gost.lbx' found.
(/usr/local/texlive/2021/texmf-dist/tex/latex/biblatex-gost/russian-gost.lbx
File: russian-gost.lbx 2020/10/28 v1.21 biblatex-gost styles
Package biblatex Info: Trying to load language 'russian'...
Package biblatex Info: ... file 'russian.lbx' found.

(/usr/local/texlive/2021/texmf-dist/tex/latex/biblatex/lbx/russian.lbx
File: russian.lbx 2020/12/31 v3.16 biblatex localization (PK/MW)
)
Package biblatex Info: Trying to load language 'russian'...
Package biblatex Info: ... file 'russian.lbx' found.

(/usr/local/texlive/2021/texmf-dist/tex/latex/biblatex/lbx/russian.lbx
File: russian.lbx 2020/12/31 v3.16 biblatex localization (PK/MW)
))
Package biblatex Info: Trying to load language 'english' -> 'english-gost'...
Package biblatex Info: ... file 'english-gost.lbx' found.

(/usr/local/texlive/2021/texmf-dist/tex/latex/biblatex-gost/english-gost.lbx
File: english-gost.lbx 2020/10/28 v1.21 biblatex-gost styles
Package biblatex Info: Trying to load language 'english'...
Package biblatex Info: ... file 'english.lbx' found.

(/usr/local/texlive/2021/texmf-dist/tex/latex/biblatex/lbx/english.lbx
File: english.lbx 2020/12/31 v3.16 biblatex localization (PK/MW)
)
Package biblatex Info: Trying to load language 'english'...
Package biblatex Info: ... file 'english.lbx' found.

(/usr/local/texlive/2021/texmf-dist/tex/latex/biblatex/lbx/english.lbx
File: english.lbx 2020/12/31 v3.16 biblatex localization (PK/MW)
))
Package biblatex Info: Input encoding 'utf8' detected.
Package biblatex Info: Data encoding 'utf8' specified.
(biblatex)             No need to reencode data.
Package biblatex Info: Document encoding is UTF8 ....
Package biblatex Info: ... and expl3
(biblatex)             2021-02-18 L3 programming layer (loader) 
(biblatex)             is new enough (at least 2020/04/06),
(biblatex)             setting 'casechanger=expl3'.

(/usr/local/texlive/2021/texmf-dist/tex/latex/biblatex/blx-case-expl3.sty
Package: blx-case-expl3 2020/12/31 v3.16 expl3 case changing code for biblatex
)
\openout8 = `dissertation.bcf'.

Package biblatex Info: Trying to load bibliographic data...
Package biblatex Info: ... file 'dissertation.bbl' not found.

No file dissertation.bbl.
Package biblatex Info: Reference section=0 on input line 52.
Package biblatex Info: Reference segment=0 on input line 52.
Package nag Info: Command \captionabove not defined, skipping amendment on inpu
t line 52.
Package nag Info: Command \captionbelow not defined, skipping amendment on inpu
t line 52.
Package nag Info: Command \hc@caption not defined, skipping amendment on input 
line 52.
Package nag Info: Command \topcaption not defined, skipping amendment on input 
line 52.
\c@totalcount@figure@totc=\count631
\c@totalcount@table@totc=\count632
\c@TotPages@totc=\count633
\c@totalappendix=\count634
\c@totalappendix@totc=\count635
\c@totalchapter=\count636
\c@totalchapter@totc=\count637
<<ot1.cmap>><<oml.cmap>><<oms.cmap>><<omx.cmap>>
LaTeX Font Info:    Trying to load font information for U+msa on input line 52.


(/usr/local/texlive/2021/texmf-dist/tex/latex/amsfonts/umsa.fd
File: umsa.fd 2013/01/14 v3.01 AMS symbols A
)
LaTeX Font Info:    Trying to load font information for U+msb on input line 52.


(/usr/local/texlive/2021/texmf-dist/tex/latex/amsfonts/umsb.fd
File: umsb.fd 2013/01/14 v3.01 AMS symbols B
)<<ot1tt.cmap>>
(./common/renames.tex)
\openout2 = `Dissertation/title.aux'.

 (./Dissertation/title.tex
<images//logo.pdf, id=13, 362.35374pt x 192.72pt>
File: images//logo.pdf Graphic file (type pdf)
<use images//logo.pdf>
Package pdftex.def Info: images//logo.pdf  used on input line 26.
(pdftex.def)             Requested size: 187.23628pt x 99.58464pt.
) [1.1


{/usr/local/texlive/2021/texmf-var/fonts/map/pdftex/updmap/pdftex.map} <./image
s//logo.pdf>]
\openout2 = `Dissertation/contents.aux'.


(./Dissertation/contents.tex) [2.2



]
\openout2 = `Dissertation/introduction.aux'.

 (./Dissertation/introduction.tex
(./common/characteristic.tex

LaTeX Warning: Citation 'Gosele1999161' on page 3 undefined on input line 4.


LaTeX Warning: Citation 'Lermontov' on page 3 undefined on input line 4.

LaTeX Font Info:    Trying to load font information for T2A+cmtt on input line 
8.
(/usr/local/texlive/2021/texmf-dist/tex/latex/cyrillic/t2acmtt.fd
File: t2acmtt.fd 2001/08/11 v1.0a Computer Modern Cyrillic font definitions
)
Underfull \hbox (badness 2671) in paragraph at lines 2--20
[]\T2A/cmr/m/n/14.4 Обзор, вве^^?де^^?ние в те^^?му, обо^^?зна^^?че^^?ние ме^^?
ста дан^^?ной ра^^?бо^^?ты в ми^^?
 []


Underfull \hbox (badness 5533) in paragraph at lines 2--20
\T2A/cmr/m/n/14.4 ро^^?вых ис^^?сле^^?до^^?ва^^?ни^^?ях и т.п., мож^^?но ис^^?п
оль^^?зо^^?вать ссыл^^?ки на дру^^?гие
 []

[3.3




]
\blx@maxsegment@1=\count638
\blx@sectionciteorder@1=\count639
Package biblatex Info: Reference section=1 on input line 179.
Package biblatex Info: Setting label 'refsection:1' on input line 179.


Package biblatex Warning: Keyword 'biblioauthorvak' not found on input line 179
.


LaTeX Warning: Empty bibliography on input line 179.


Package biblatex Warning: Keyword 'biblioauthorwos' not found on input line 179
.


LaTeX Warning: Empty bibliography on input line 179.


Package biblatex Warning: Keyword 'biblioauthorscopus' not found on input line 
179.


LaTeX Warning: Empty bibliography on input line 179.


Package biblatex Warning: Keyword 'biblioauthorconf' not found on input line 17
9.


LaTeX Warning: Empty bibliography on input line 179.


Package biblatex Warning: Keyword 'biblioauthorother' not found on input line 1
79.


LaTeX Warning: Empty bibliography on input line 179.


Package biblatex Warning: Keyword 'biblioregistered' not found on input line 17
9.


LaTeX Warning: Empty bibliography on input line 179.


Package biblatex Warning: Keyword 'biblioauthorpatent' not found on input line 
179.


LaTeX Warning: Empty bibliography on input line 179.


Package biblatex Warning: Keyword 'biblioauthorprogram' not found on input line
 179.


LaTeX Warning: Empty bibliography on input line 179.


Package biblatex Warning: Keyword 'biblioauthor' not found on input line 179.


LaTeX Warning: Empty bibliography on input line 179.


LaTeX Warning: Empty bibliography on input line 179.


LaTeX Warning: Empty bibliography on input line 179.

Package biblatex Info: Reference section=0 on input line 179.
\blx@maxsegment@2=\count640
\blx@sectionciteorder@2=\count641
Package biblatex Info: Reference section=2 on input line 179.
Package biblatex Info: Setting label 'refsection:2' on input line 179.

LaTeX Warning: Citation 'vakbib2' undefined on input line 179.


LaTeX Warning: Citation 'patbib1' undefined on input line 179.


LaTeX Warning: Citation 'progbib1' undefined on input line 179.


LaTeX Warning: Citation 'bib1' undefined on input line 179.


LaTeX Warning: Citation 'confbib1' undefined on input line 179.

Package biblatex Info: Reference section=0 on input line 179.
[4.4]
Underfull \hbox (badness 1609) in paragraph at lines 199--200
[]\T2A/cmtt/m/n/14.4 citeauthorscopuswos \T2A/cmr/m/n/14.4 для ра^^?бот, ин^^?д
ек^^?си^^?ру^^?е^^?мых Scopus или Web
 []

)

Package totcount Warning: Rerun to get correct total counts on input line 20.

\@c=\count642
\@last=\count643
\@pnul=\count644

Package totcount Warning: Rerun to get correct total counts on input line 22.

\@c=\count645
\@last=\count646
\@pnul=\count647

Package totcount Warning: Rerun to get correct total counts on input line 29.

\@c=\count648
\@last=\count649
\@pnul=\count650

Package totcount Warning: Rerun to get correct total counts on input line 30.

\@c=\count651
\@last=\count652
\@pnul=\count653

Package totcount Warning: Rerun to get correct total counts on input line 31.

\@c=\count654
\@last=\count655
\@pnul=\count656

Package totcount Warning: Rerun to get correct total counts on input line 33.

\@c=\count657
\@last=\count658
\@pnul=\count659
) [5.5]
\openout2 = `Dissertation/part1.aux'.

 (./Dissertation/part1.tex

LaTeX Warning: Citation 'Sokolov' on page 6 undefined on input line 10.


LaTeX Warning: Citation 'Gaidaenko' on page 6 undefined on input line 10.


LaTeX Warning: Citation 'Sokolov' on page 6 undefined on input line 11.


LaTeX Warning: Citation 'Gaidaenko' on page 6 undefined on input line 11.


LaTeX Warning: Citation 'vakbib1' on page 6 undefined on input line 12.


LaTeX Warning: Citation 'confbib2' on page 6 undefined on input line 12.


LaTeX Warning: Citation 'Lermontov' on page 6 undefined on input line 20.


LaTeX Warning: Citation 'Management' on page 6 undefined on input line 20.


LaTeX Warning: Citation 'Borozda' on page 6 undefined on input line 20.


LaTeX Warning: Citation 'Marketing' on page 6 undefined on input line 20.


LaTeX Warning: Citation 'Constitution' on page 6 undefined on input line 20.


LaTeX Warning: Citation 'FamilyCode' on page 6 undefined on input line 20.


LaTeX Warning: Citation 'Gost.7.0.53' on page 6 undefined on input line 20.


LaTeX Warning: Citation 'Razumovski' on page 6 undefined on input line 20.


LaTeX Warning: Citation 'Lagkueva' on page 6 undefined on input line 20.


LaTeX Warning: Citation 'Pokrovski' on page 6 undefined on input line 20.


LaTeX Warning: Citation 'Methodology' on page 6 undefined on input line 20.


LaTeX Warning: Citation 'Berestova' on page 6 undefined on input line 20.


LaTeX Warning: Citation 'Kriger' on page 6 undefined on input line 20.


LaTeX Warning: Citation 'Sirotko2' on page 6 undefined on input line 25.


LaTeX Warning: Citation 'Lukina2' on page 6 undefined on input line 25.


LaTeX Warning: Citation 'Encyclopedia2' on page 6 undefined on input line 25.


LaTeX Warning: Citation 'Nasirova2' on page 6 undefined on input line 25.


LaTeX Warning: Citation 'Article' on page 6 undefined on input line 27.


LaTeX Warning: Citation 'Book' on page 6 undefined on input line 27.


LaTeX Warning: Citation 'Booklet' on page 6 undefined on input line 27.


LaTeX Warning: Citation 'Conference' on page 6 undefined on input line 27.


LaTeX Warning: Citation 'Inbook' on page 6 undefined on input line 27.


LaTeX Warning: Citation 'Incollection' on page 6 undefined on input line 27.


LaTeX Warning: Citation 'Manual' on page 6 undefined on input line 27.


LaTeX Warning: Citation 'Mastersthesis' on page 6 undefined on input line 27.


LaTeX Warning: Citation 'Misc' on page 6 undefined on input line 27.


LaTeX Warning: Citation 'Phdthesis' on page 6 undefined on input line 27.


LaTeX Warning: Citation 'Proceedings' on page 6 undefined on input line 27.


LaTeX Warning: Citation 'Techreport' on page 6 undefined on input line 27.


LaTeX Warning: Citation 'Unpublished' on page 6 undefined on input line 27.


LaTeX Warning: Citation 'medvedev2006jelektronnye' on page 6 undefined on input
 line 34.


LaTeX Warning: Citation 'CEAT:CEAT581' on page 6 undefined on input line 34.


LaTeX Warning: Citation 'doi:10.1080/01932691.2010.513279' on page 6 undefined 
on input line 34.


LaTeX Warning: Citation 'Gosele1999161' on page 6 undefined on input line 34.


LaTeX Warning: Citation 'Li2007StressAnalysis' on page 6 undefined on input lin
e 34.


LaTeX Warning: Citation 'Shoji199895' on page 6 undefined on input line 34.


LaTeX Warning: Citation 'test:eisner-sample' on page 6 undefined on input line 
34.


LaTeX Warning: Citation 'test:eisner-sample-shorted' on page 6 undefined on inp
ut line 34.


LaTeX Warning: Citation 'AB_patent_Pomerantz_1968' on page 6 undefined on input
 line 34.


LaTeX Warning: Citation 'iofis_patent1960' on page 6 undefined on input line 34
.


LaTeX Warning: Citation 'patent2h' on page 6 undefined on input line 38.


LaTeX Warning: Citation 'patent3h' on page 6 undefined on input line 38.


LaTeX Warning: Citation 'patent2' on page 6 undefined on input line 38.


Underfull \hbox (badness 4492) in paragraph at lines 9--39
[]\T2A/cmr/m/n/14.4 Сошлјмся на биб^^?лио^^?гра^^?фию. Од^^?на ссыл^^?ка: [[]][
[]].
 []


Underfull \hbox (badness 6510) in paragraph at lines 9--39
\T2A/cmr/m/n/14.4 Две ссыл^^?ки: [[]; []]. Ссыл^^?ка на соб^^?ствен^^?ные ра^^?
бо^^?ты:
 []


Underfull \hbox (badness 10000) in paragraph at lines 9--39
[]\T2A/cmr/m/n/14.4 ; []; []; []; [];
 []


Underfull \hbox (badness 10000) in paragraph at lines 9--39
[]\T2A/cmr/m/n/14.4 ; []; []] [[];
 []


Underfull \hbox (badness 10000) in paragraph at lines 9--39
[]\T2A/cmr/m/n/14.4 ; []; [];
 []


Overfull \hbox (58.32948pt too wide) in paragraph at lines 9--39
[]\T2A/cmr/m/n/14.4 ; []; []; [];
 []


Underfull \hbox (badness 10000) in paragraph at lines 9--39
[]\T2A/cmr/m/n/14.4 ; []][[]; [];
 []


LaTeX Warning: Citation 'Sokolov' on page 6 undefined on input line 51.


LaTeX Warning: Citation 'Gaidaenko' on page 6 undefined on input line 51.


LaTeX Warning: Citation 'Techreport' on page 6 undefined on input line 51.


Underfull \hbox (badness 10000) in paragraph at lines 51--52
[]\T2A/cmr/m/n/14.4 Несколько ис^^?точ^^?ни^^?ков (муль^^?ти^^?ци^^?та^^?та): [
[]; [];
 []


LaTeX Warning: Citation 'vakbib1' on page 6 undefined on input line 53.


LaTeX Warning: Citation 'confbib1' on page 6 undefined on input line 53.


LaTeX Warning: Reference `app:A' on page 1 undefined on input line 55.


LaTeX Warning: Reference `app:B2' on page 1 undefined on input line 55.


LaTeX Warning: Reference `eq:equation1' on page 1 undefined on input line 57.


LaTeX Warning: Reference `fig:knuth' on page 1 undefined on input line 59.


LaTeX Warning: Reference `tab:tab_pref' on page 1 undefined on input line 66.


LaTeX Warning: Reference `app:B4' on page 1 undefined on input line 66.

[6.6




] [7.7]

LaTeX Warning: Reference `eq:2p3' on page 1 undefined on input line 180.

[8.8]
LaTeX Font Info:    Trying to load font information for U+euf on input line 199
.
 (/usr/local/texlive/2021/texmf-dist/tex/latex/amsfonts/ueuf.fd
File: ueuf.fd 2013/01/14 v3.01 Euler Fraktur
) [9.9]

LaTeX Warning: Reference `eq:equation2' on page 1 undefined on input line 238.


LaTeX Warning: Reference `eq:equation1' on page 1 undefined on input line 238.


LaTeX Warning: Reference `eq:subeq_2' on page 1 undefined on input line 252.


LaTeX Warning: Reference `eq:subeq_1' on page 1 undefined on input line 252.


LaTeX Warning: Reference `eq:subeq_2-1' on page 1 undefined on input line 261.


LaTeX Warning: Reference `eq:subeq_1-2' on page 1 undefined on input line 261.


LaTeX Warning: Reference `eq:subeq_1-1' on page 1 undefined on input line 261.


Underfull \hbox (badness 4805) in paragraph at lines 272--292
[]\T2A/cmr/m/n/14.4 Числа фор^^?ма^^?ти^^?ру^^?ют^^?ся при по^^?мо^^?щи ко^^?ма
н^^?ды [][]\T2A/cmtt/m/n/14.4 \num[]\T2A/cmr/m/n/14.4 : []; [];
 []


Underfull \hbox (badness 1997) in paragraph at lines 272--292
[]\T2A/cmr/m/n/14.4 ; []; []; []; []; []; [][][][][]
 []


LaTeX Warning: Reference `tab:unit:other' on page 1 undefined on input line 307
.


LaTeX Warning: Reference `tab:unit:physical' on page 1 undefined on input line 
307.


LaTeX Warning: Reference `tab:unit:accepted' on page 1 undefined on input line 
307.


LaTeX Warning: Reference `tab:unit:derived' on page 1 undefined on input line 3
07.


LaTeX Warning: Reference `tab:unit:base' on page 1 undefined on input line 307.



LaTeX Warning: Reference `tab:unit:prefix' on page 1 undefined on input line 30
8.


Underfull \hbox (badness 3826) in paragraph at lines 297--309
[]\T2A/cmr/m/n/14.4 Размерности мож^^?но за^^?пи^^?сы^^?вать при по^^?мо^^?щи к
о^^?манд [][]\T2A/cmtt/m/n/14.4 \si []\T2A/cmr/m/n/14.4 и [][]\T2A/cmtt/m/n/14.
4 \SI[]\T2A/cmr/m/n/14.4 :
 []


Underfull \hbox (badness 10000) in paragraph at lines 297--309
[]\T2A/cmr/m/n/14.4 ; []; []; []; [][];
 []


Underfull \hbox (badness 2573) in paragraph at lines 297--309
[][]\T2A/cmr/m/n/14.4 ; [];[];[];[][]; [][][][]. Спи^^?сок еди^^?ниц из^^?
 []

[10.10]
LaTeX Font Info:    Calculating math sizes for size <14> on input line 475.
 [11.11] [12.12] [13.13] Excluding 'commentbox' comment.
Excluding 'commentbox' comment. Excluding 'comment' comment. [14.14]
Underfull \hbox (badness 3503) in paragraph at lines 551--555
\T2A/cmr/m/n/14.4 после урав^^?не^^?ния до^^?ба^^?вит в спи^^?сок услов^^?ных о
бо^^?зна^^?че^^?ний три за^^?пи^^?си.
 []


Underfull \hbox (badness 2644) in paragraph at lines 551--555
\T2A/cmr/m/n/14.4 Ссыл^^?ки [][]\T2A/cmtt/m/n/14.4 \nomrefeq []\T2A/cmr/m/n/14.
4 на по^^?след^^?нее урав^^?не^^?ние, [][]\T2A/cmtt/m/n/14.4 \nomrefpage []\T2A
/cmr/m/n/14.4 ^^V на стра^^?ни^^?цу,
 []

) [15.15]
\openout2 = `Dissertation/part2.aux'.

 (./Dissertation/part2.tex
<images//latex.png, id=151, 451.6875pt x 194.7275pt>
File: images//latex.png Graphic file (type png)
<use images//latex.png>
Package pdftex.def Info: images//latex.png  used on input line 7.
(pdftex.def)             Requested size: 121.95724pt x 52.57712pt.

Underfull \hbox (badness 7326) in paragraph at lines 12--14
[]\T2A/cmr/m/n/14.4 Для вы^^?рав^^?ни^^?ва^^?ния изоб^^?ра^^?же^^?ния по-^^?цен
^^?тру ис^^?поль^^?зу^^?ет^^?ся ко^^?ман^^?да
 []

<images//knuth1.jpg, id=152, 157.68pt x 186.15pt>
File: images//knuth1.jpg Graphic file (type jpg)
<use images//knuth1.jpg>
Package pdftex.def Info: images//knuth1.jpg  used on input line 20.
(pdftex.def)             Requested size: 121.99255pt x 144.02332pt.
<images//knuth2.jpg, id=153, 197.98969pt x 204.01219pt>
File: images//knuth2.jpg Graphic file (type jpg)
<use images//knuth2.jpg>
Package pdftex.def Info: images//knuth2.jpg  used on input line 24.
(pdftex.def)             Requested size: 121.99255pt x 125.70488pt.
File: images//knuth1.jpg Graphic file (type jpg)
<use images//knuth1.jpg>
Package pdftex.def Info: images//knuth1.jpg  used on input line 37.
(pdftex.def)             Requested size: 124.4808pt x 146.96313pt.
File: images//knuth2.jpg Graphic file (type jpg)
<use images//knuth2.jpg>
Package pdftex.def Info: images//knuth2.jpg  used on input line 40.
(pdftex.def)             Requested size: 124.4808pt x 128.26997pt.
<example-image-c.pdf, id=154, 321.2pt x 240.9pt>
File: example-image-c.pdf Graphic file (type pdf)
<use example-image-c.pdf>
Package pdftex.def Info: example-image-c.pdf  used on input line 44.
(pdftex.def)             Requested size: 149.37848pt x 112.0357pt.

LaTeX Warning: Reference `fig:knuth_2-1' on page 1 undefined on input line 54.


LaTeX Warning: Reference `fig:knuth_2' on page 1 undefined on input line 55.


LaTeX Warning: Reference `sub@fig:knuth_2-2' on page 16 undefined on input line
 55.

[16.16




 <./images//latex.png> <./images//knuth1.jpg> <./images//knuth2.jpg>]

LaTeX Warning: Reference `fig:tikz_example' on page 1 undefined on input line 6
1.


LaTeX Warning: Reference `fig:tikz_example' on page 17 undefined on input line 
61.

(./Dissertation/images/tikz_scheme.tikz) [17.17 </usr/local/texlive/2021/texmf-
dist/tex/latex/mwe/example-image-c.pdf>] [18.18] [19.19]
Underfull \hbox (badness 4156) in paragraph at lines 164--169
[]\T2A/cmr/m/n/14.4 Русская тра^^?ди^^?ция на^^?чер^^?та^^?ния гре^^?че^^?ских 
букв и неко^^?то^^?рых ма^^?те^^?
 []


Underfull \hbox (badness 2213) in paragraph at lines 164--169
\T2A/cmr/m/n/14.4 ма^^?ти^^?че^^?ских функ^^?ций от^^?ли^^?ча^^?ет^^?ся от за^^
?пад^^?ной. Это ис^^?прав^^?ля^^?ет^^?ся се^^?ри^^?ей
 []


Underfull \hbox (badness 6675) in paragraph at lines 183--188
[]\T2A/cmr/m/n/14.4 Кроме то^^?го, при^^?ня^^?то на^^?би^^?рать гре^^?че^^?ские
 бук^^?вы вер^^?ти^^?каль^^?ны^^?ми,
 []


Underfull \hbox (badness 4543) in paragraph at lines 183--188
\T2A/cmr/m/n/14.4 что ре^^?ша^^?ет^^?ся под^^?клю^^?че^^?ни^^?ем па^^?ке^^?та [
][]\T2A/cmtt/m/n/14.4 upgreek []\T2A/cmr/m/n/14.4 (см. за^^?ком^^?мен^^?ти^^?ро
^^?ван^^?ный
 []


LaTeX Warning: Reference `eq:equation3' on page 20 undefined on input line 190.


[20.20] [21.21] [22.22] [23.23] [24.24]) [25.25]
\openout2 = `Dissertation/part3.aux'.

 (./Dissertation/part3.tex

LaTeX Warning: Reference `tab:test2' on page 1 undefined on input line 43.


LaTeX Warning: Reference `tab:makecell' on page 1 undefined on input line 68.


LaTeX Warning: Reference `tab:makecell' on page 1 undefined on input line 71.

[26.26




]

LaTeX Warning: Reference `tab:test4' on page 1 undefined on input line 102.


LaTeX Warning: Reference `tab:test3' on page 1 undefined on input line 102.


Overfull \hbox (6.0pt too wide) in paragraph at lines 158--159
[][] 
 []


LaTeX Warning: Reference `tab:test3' on page 1 undefined on input line 162.


Overfull \hbox (4.19823pt too wide) in paragraph at lines 217--217
 []|\T2A/cmr/m/n/14.4 тебиквюэ 
 []


Overfull \hbox (3.05205pt too wide) in paragraph at lines 217--217
 []|\T2A/cmr/m/n/14.4 Чэнзэрет 
 []


Overfull \hbox (6.0pt too wide) in alignment at lines 217--217
[][][][][] 
 []


LaTeX Warning: Reference `tab:S:align' on page 1 undefined on input line 222.


LaTeX Warning: Reference `tab:S:parse' on page 1 undefined on input line 222.


Package hyperref Warning: Glyph not defined in PU encoding,
(hyperref)                removing `\cyrdash' on input line 264.

[27.27] [28.28]

Package hyperref Warning: Glyph not defined in PU encoding,
(hyperref)                removing `\cyrdash' on input line 271.


Package hyperref Warning: Glyph not defined in PU encoding,
(hyperref)                removing `\cyrdash' on input line 275.

[29.29] [30.30] [31.31])
\openout2 = `Dissertation/conclusion.aux'.

 (./Dissertation/conclusion.tex (./common/concl.tex))
[32.32





]
\openout2 = `Dissertation/acronyms.aux'.

 (./Dissertation/acronyms.tex
No file dissertation.nls.
)
\openout2 = `Dissertation/dictionary.aux'.

 (./Dissertation/dictionary.tex) [33.33







]
\openout2 = `Dissertation/references.aux'.

 (./Dissertation/references.tex

Package biblatex Warning: Keyword 'bibliofull' not found on input line 6.


LaTeX Warning: Empty bibliography on input line 6.


Package biblatex Warning: Keyword 'bibliofull' not found on input line 6.


LaTeX Warning: Empty bibliography on input line 6.

)
\openout2 = `Dissertation/lists.aux'.

 (./Dissertation/lists.tex [34.34








] [35.35

])
\openout2 = `Dissertation/appendix.aux'.

 (./Dissertation/appendix.tex

LaTeX Warning: Reference `lst:hwbeauty' on page 1 undefined on input line 5.

Package hyperref Info: bookmark level for unknown ListingEnv defaults to 0 on i
nput line 8.
(/usr/local/texlive/2021/texmf-dist/tex/latex/listings/lstlang1.sty
File: lstlang1.sty 2020/03/24 1.8d listings language file
)
(/usr/local/texlive/2021/texmf-dist/tex/latex/listings/lstlang1.sty
File: lstlang1.sty 2020/03/24 1.8d listings language file
)
(/usr/local/texlive/2021/texmf-dist/tex/latex/listings/lstmisc.sty
File: lstmisc.sty 2020/03/24 1.8d (Carsten Heinz)
)
LaTeX Font Info:    Font shape `T2A/cmtt/bx/n' in size <12> not available
(Font)              Font shape `T2A/cmtt/m/n' tried instead on input line 11.


LaTeX Warning: Reference `lst:hwplain' on page 1 undefined on input line 22.

(/usr/local/texlive/2021/texmf-dist/tex/latex/listings/lstlang1.sty
File: lstlang1.sty 2020/03/24 1.8d listings language file
)
(/usr/local/texlive/2021/texmf-dist/tex/latex/listings/lstlang2.sty
File: lstlang2.sty 2020/03/24 1.8d listings language file
) [36.36




]

LaTeX Warning: Reference `lst:internal3' on page 1 undefined on input line 60.

Package hyperref Info: bookmark level for unknown lstlisting defaults to 0 on i
nput line 66.
[37.37]

LaTeX Warning: Reference `lst:external1' on page 1 undefined on input line 112.


(/usr/local/texlive/2021/texmf-dist/tex/latex/listings/lstlang1.sty
File: lstlang1.sty 2020/03/24 1.8d listings language file
)
(/usr/local/texlive/2021/texmf-dist/tex/latex/listings/lstlang2.sty
File: lstlang2.sty 2020/03/24 1.8d listings language file
)
(/usr/local/texlive/2021/texmf-dist/tex/latex/listings/lstlang3.sty
File: lstlang3.sty 2020/03/24 1.8d listings language file
)
(./listings/run_analysis.R [38.38] [39.39] [40.40]) [41.41] [42.42

] [43.43]

Package longtable Warning: Column widths have changed
(longtable)                in table 14 on input line 265.

[44.44] [45.45] [46.46]

Package longtable Warning: Column widths have changed
(longtable)                in table 15 on input line 418.


LaTeX Warning: Reference `tab:test-functions' on page 1 undefined on input line
 423.

[47.47]
Overfull \hbox (6.0pt too wide) in alignment at lines 646--646
 [] [] [] 
 []

[48.48]

Package longtable Warning: Column widths have changed
(longtable)                in table 16 on input line 646.

[49.49] [50.50]

LaTeX Warning: Reference `tab:other-row' on page 1 undefined on input line 651.



LaTeX Warning: Reference `tab:other-row' on page 1 undefined on input line 658.


[51.51] [52.52]

LaTeX Warning: Reference `tab:tab_pref' on page 1 undefined on input line 778.


Underfull \hbox (badness 1931) in paragraph at lines 776--780
\T2A/cmr/m/n/14.4 На^^?при^^?мер, [][]\T2A/cmtt/m/n/14.4 \label{fig:knuth}[]\T2
A/cmr/m/n/14.4 ; [][]\T2A/cmtt/m/n/14.4 \ref{tab:test1}[]\T2A/cmr/m/n/14.4 ; []
[]\T2A/cmtt/m/n/14.4 label={lst:external1}[]\T2A/cmr/m/n/14.4 .
 []

[53.53] [54.54]
<Dissertation/images/drawing.pdf, id=546, 597.23125pt x 845.1575pt>
File: Dissertation/images/drawing.pdf Graphic file (type pdf)
<use Dissertation/images/drawing.pdf>
Package pdftex.def Info: Dissertation/images/drawing.pdf  used on input line 82
0.
(pdftex.def)             Requested size: 597.22978pt x 845.15544pt.
File: Dissertation/images/drawing.pdf Graphic file (type pdf)
<use Dissertation/images/drawing.pdf>
Package pdftex.def Info: Dissertation/images/drawing.pdf  used on input line 82
0.
(pdftex.def)             Requested size: 597.22978pt x 845.15544pt.
<Dissertation/images/drawing.pdf, id=549, page=1, 597.23125pt x 845.1575pt>
File: Dissertation/images/drawing.pdf Graphic file (type pdf)
<use Dissertation/images/drawing.pdf, page 1>
Package pdftex.def Info: Dissertation/images/drawing.pdf , page1 used on input 
line 820.
(pdftex.def)             Requested size: 597.22978pt x 845.15544pt.
File: Dissertation/images/drawing.pdf Graphic file (type pdf)
<use Dissertation/images/drawing.pdf, page 1>
Package pdftex.def Info: Dissertation/images/drawing.pdf , page1 used on input 
line 820.
(pdftex.def)             Requested size: 597.25711pt x 845.19412pt.
File: Dissertation/images/drawing.pdf Graphic file (type pdf)
<use Dissertation/images/drawing.pdf, page 1>
Package pdftex.def Info: Dissertation/images/drawing.pdf , page1 used on input 
line 820.
(pdftex.def)             Requested size: 597.25711pt x 845.19412pt.
File: Dissertation/images/drawing.pdf Graphic file (type pdf)
<use Dissertation/images/drawing.pdf, page 1>
Package pdftex.def Info: Dissertation/images/drawing.pdf , page1 used on input 
line 820.
(pdftex.def)             Requested size: 597.25711pt x 845.19412pt.
File: Dissertation/images/drawing.pdf Graphic file (type pdf)
<use Dissertation/images/drawing.pdf, page 1>
Package pdftex.def Info: Dissertation/images/drawing.pdf , page1 used on input 
line 820.
(pdftex.def)             Requested size: 597.25711pt x 845.19412pt.
 [55.55

 <./Dissertation/images/drawing.pdf>])
No complaints by nag.

Package totalcount Warning: Total counter(s) have changed.
(totalcount)                Rerun to get them right.

\tf@toc=\write10
\openout10 = `dissertation.toc'.

\tf@lof=\write11
\openout11 = `dissertation.lof'.

\tf@lot=\write12
\openout12 = `dissertation.lot'.


Package longtable Warning: Table widths have changed. Rerun LaTeX.

(./dissertation.aux (./Dissertation/title.aux)<<t1.cmap>> (./common/renames.tex
)
Package cleveref Info: loaded `russian' language definitions on input line 29.
 (./Dissertation/contents.aux) (./Dissertation/introduction.aux)
(./Dissertation/part1.aux) (./Dissertation/part2.aux) (./Dissertation/part3.aux
) (./Dissertation/conclusion.aux) (./Dissertation/acronyms.aux)
(./Dissertation/dictionary.aux) (./Dissertation/references.aux)
(./Dissertation/lists.aux) (./Dissertation/appendix.aux))

 *File List*
     nag.sty    2011/11/25 0.7 warning about old commands (ulmi)
nag-l2tabu.cfg    2010/05/17 v2.11 l2tabu rules for nag.sty (ulmi)
nag-orthodox.cfg    2006/04/19 v1.8 strict rules for nag.sty (ulmi)
  memoir.cls    2021/03/23 v3.7o configurable book, report, article document cl
ass
   iftex.sty    2020/03/06 v1.0d TeX engine tests
   mem14.clo    2008/01/30 v0.4 memoir class 14pt size option
   array.sty    2020/10/01 v2.5c Tabular extension package (FMi)
 dcolumn.sty    2014/10/28 v1.06 decimal alignment package (DPC)
delarray.sty    2014/10/28 v1.01 array delimiter package (DPC)
tabularx.sty    2020/01/15 v2.11c `tabularx' package (DPC)
textcase.sty    2019/09/14 v1.00 Text only upper/lower case changing (DPC)
common/setup.tex
common/packages.tex
etoolbox.sty    2020/10/05 v2.5k e-TeX tools for LaTeX (JAW)
 comment.sty    
pdflscape.sty    2019/12/05 v0.12 Display of landscape pages in PDF (HO)
  lscape.sty    2020/05/28 v3.02 Landscape Pages (DPC)
graphics.sty    2020/08/30 v1.4c Standard LaTeX Graphics (DPC,SPQR)
    trig.sty    2016/01/03 v1.10 sin cos tan (DPC)
graphics.cfg    2016/06/04 v1.11 sample graphics configuration
  pdftex.def    2020/10/05 v1.2a Graphics/color driver for pdftex
geometry.sty    2020/01/02 v5.9 Page Geometry
  keyval.sty    2014/10/28 v1.15 key=value parser (DPC)
  ifvtex.sty    2019/10/25 v1.7 ifvtex legacy package. Use iftex instead.
  amsthm.sty    2020/05/29 v2.20.6
 amsmath.sty    2020/09/23 v2.17i AMS math features
 amstext.sty    2000/06/29 v2.01 AMS text
  amsgen.sty    1999/11/30 v2.0 generic functions
  amsbsy.sty    1999/11/29 v1.2d Bold Symbols
  amsopn.sty    2016/03/08 v2.02 operator names
   amscd.sty    2017/04/14 v2.1 AMS Commutative Diagrams
amsfonts.sty    2013/01/14 v3.01 Basic AMSFonts support
 amssymb.sty    2013/01/14 v3.01 AMS font symbols
mathtools.sty    2021/03/18 v1.25 mathematical typesetting tools
    calc.sty    2017/05/25 v4.3 Infix arithmetic (KKT,FJ)
 mhsetup.sty    2021/03/18 v1.4 programming setup (MH)
   xfrac.sty    2021-03-12 L3 Experimental split-level fractions
   expl3.sty    2021-02-18 L3 programming layer (loader) 
l3backend-pdftex.def    2021-03-18 L3 backend support: PDF output (pdfTeX)
graphicx.sty    2020/09/09 v1.2b Enhanced LaTeX Graphics (DPC,SPQR)
l3keys2e.sty    2021-03-12 LaTeX2e option processing using LaTeX3 keys
textcomp.sty    2020/02/02 v2.0n Standard LaTeX package
  xparse.sty    2021-01-09 L3 Experimental document command parser
xparse-2020-10-01.sty    
xtemplate.sty    2021-03-12 L3 Experimental prototype document functions
 siunitx.sty    2020/02/25 v2.8b A comprehensive (SI) units package
translator.sty    2020-08-03 v1.12c Easy translation of strings in LaTeX
 siunitx.cfg    
    cmap.sty    2021/02/06 v1.0j CMap support: searchable PDF
 fontenc.sty
  t2aenc.def    2005/09/27 v1.0i Cyrillic encoding definition file
  t2aenc.dfu    2019/11/14 v1.2k UTF-8 support for inputenc
  t2acmr.fd    2001/08/11 v1.0a Computer Modern Cyrillic font definitions
inputenc.sty    2020/08/01 v1.3d Input encoding file
   babel.sty    2021/03/24 3.56 The Babel package
 english.ldf    2017/06/06 v3.3r English support from the babel system
russianb.ldf    2021/01/10 1.3m Russian support for the Babel system
indentfirst.sty    1995/11/23 v1.03 Indent first paragraph (DPC)
  xcolor.sty    2016/05/11 v2.12 LaTeX color extensions (UK)
   color.cfg    2016/01/02 v1.6 sample color configuration
colortbl.sty    2020/01/04 v1.0e Color table columns (DPC)
dvipsnam.def    2016/06/17 v3.0m Driver-dependent file (DPC,SPQR)
longtable.sty    2020/01/07 v4.13 Multi-page Table package (DPC)
ltcaption.sty    2020/05/30 v1.4b longtable captions (AR)
multirow.sty    2021/03/15 v2.8 Span multiple rows of a table
makecell.sty    2009/08/03 V0.1e Managing of Tab Column Heads and Cells
    tabu.sty    2019/01/11 v2.9 - flexible LaTeX tabulars (FC+tabu-fixed)
varwidth.sty    2009/03/30 ver 0.92;  Variable-width minipages
tabulary.sty    2014/06/11 v0.10 tabulary package (DPC)
threeparttable.sty    2003/06/13  v 3.0
soulutf8.sty    2019/12/15 v1.2 Permit use of UTF-8 characters in soul (HO)
    soul.sty    2003/11/17 v2.4 letterspacing/underlining (mf)
infwarerr.sty    2019/12/03 v1.5 Providing info/warning/error messages (HO)
etexcmds.sty    2019/12/15 v1.7 Avoid name clashes with e-TeX commands (HO)
  icomma.sty    2002/03/10 v2.0 (WaS)
impnattypo.sty    
ifluatex.sty    2019/10/25 v1.5 ifluatex legacy package. Use iftex instead.
kvoptions.sty    2020-10-07 v3.14 Key value format for package options (HO)
 ltxcmds.sty    2020-05-10 v1.25 LaTeX kernel commands for general use (HO)
kvsetkeys.sty    2019/12/15 v1.18 Key value parser (HO)
    tikz.sty    2020/12/27 v3.1.8b (3.1.8b)
     pgf.sty    2020/12/27 v3.1.8b (3.1.8b)
  pgfrcs.sty    2020/12/27 v3.1.8b (3.1.8b)
pgfrcs.code.tex
 pgfcore.sty    2020/12/27 v3.1.8b (3.1.8b)
  pgfsys.sty    2020/12/27 v3.1.8b (3.1.8b)
pgfsys.code.tex
pgfsyssoftpath.code.tex    2020/12/27 v3.1.8b (3.1.8b)
pgfsysprotocol.code.tex    2020/12/27 v3.1.8b (3.1.8b)
pgfcore.code.tex
pgfcomp-version-0-65.sty    2020/12/27 v3.1.8b (3.1.8b)
pgfcomp-version-1-18.sty    2020/12/27 v3.1.8b (3.1.8b)
  pgffor.sty    2020/12/27 v3.1.8b (3.1.8b)
 pgfkeys.sty    
pgfkeys.code.tex
 pgfmath.sty    
pgfmath.code.tex
pgffor.code.tex
tikz.code.tex
hyperref.sty    2021-02-27 v7.00k Hypertext links for LaTeX
pdftexcmds.sty    2020-06-27 v0.33 Utility functions of pdfTeX for LuaTeX (HO)
kvdefinekeys.sty    2019-12-19 v1.6 Define keys (HO)
pdfescape.sty    2019/12/09 v1.15 Implements pdfTeX's escape features (HO)
 hycolor.sty    2020-01-27 v1.10 Color options for hyperref/bookmark (HO)
letltxmacro.sty    2019/12/03 v1.6 Let assignment for LaTeX macros (HO)
 auxhook.sty    2019-12-17 v1.6 Hooks for auxiliary files (HO)
  pd1enc.def    2021-02-27 v7.00k Hyperref: PDFDocEncoding definition (HO)
hyperref-langpatches.def    2021-02-27 v7.00k Hyperref: patches for babel langu
ages
 intcalc.sty    2019/12/15 v1.3 Expandable calculations with integers (HO)
   puenc.def    2021-02-27 v7.00k Hyperref: PDF Unicode definition (HO)
     url.sty    2013/09/16  ver 3.4  Verb mode for urls, etc.
  bitset.sty    2019/12/09 v1.3 Handle bit-vector datatype (HO)
bigintcalc.sty    2019/12/15 v1.5 Expandable calculations on big integers (HO)
atbegshi-ltx.sty    2020/08/17 v1.0a Emulation of the original atbegshi package

with kernel methods
memhfixc.sty    2019/10/24 v1.18 nameref/hyperref package fixes for memoir clas
s
 hpdftex.def    2021-02-27 v7.00k Hyperref driver for pdfTeX
atveryend-ltx.sty    2020/08/19 v1.0a Emulation of the original atvery package
with kernel methods
rerunfilecheck.sty    2019/12/05 v1.9 Rerun checks for auxiliary files (HO)
uniquecounter.sty    2019/12/15 v1.4 Provide unlimited unique counter (HO)
 caption.sty    2020/10/26 v3.5g Customizing captions (AR)
caption3.sty    2020/10/21 v2.2e caption3 kernel (AR)
caption-memoir.sto    2020/10/10 v2.1 Adaption of the caption package to the me
moir document class (AR)
subcaption.sty    2020/10/07 v1.3j Sub-captions (AR)
pdfpages.sty    2021/03/06 v0.5t Insert pages of external PDF documents (AM)
  ifthen.sty    2014/09/29 v1.1c Standard LaTeX ifthen package (DPC)
 eso-pic.sty    2020/10/14 v3.0a eso-pic (RN)
pppdftex.def    2021/03/06 v0.5t Pdfpages driver for pdfTeX (AM)
aliascnt.sty    2018/09/07 v1.5 Alias counters (HO)
totalcount.sty    2018/01/21 v1.0a Total values of counters (AR)
totcount.sty    2011/01/25 v1.2 package for gettingthe total value of LaTeX cou
nters
totpages.sty    2005/09/19 v2.00 Totpages Package (muewi)
everyshi-ltx.sty    2020/08/17 v1.0a Emulation of the original everyshi package

with kernel methods
cleveref.sty    2018/03/27 v0.21.4 Intelligent cross-referencing
placeins.sty    2005/04/18  v 2.2
Dissertation/dispackages.tex
afterpage.sty    2014/10/28 v1.08 After-Page Package (DPC)
enumitem.sty    2019/06/20 v3.9 Customized lists
 nomencl.sty    2020/12/29 v5.5 Nomenclature package
 xkeyval.sty    2020/11/20 v2.8 package option processing (HA)
 xkeyval.tex    2014/12/03 v2.7a key=value parser (HA)
tocbasic.sty    2021/03/17 v3.33 KOMA-Script package (handling toc-files)
 scrbase.sty    2021/03/17 v3.33 KOMA-Script package (KOMA-Script-independent b
asics and keyval usage)
scrlfile.sty    2021/03/17 v3.33 KOMA-Script package (file load hooks)
scrlfile-hook.sty    2021/03/17 v3.33 KOMA-Script package (using LaTeX hooks)
 scrlogo.sty    2021/03/17 v3.33 KOMA-Script package (logo)
Dissertation/userpackages.tex
fr-longtable.sty    2007/11/28 v0.1b (beta) floatrow: additions for longtable
fancyvrb.sty    2021/01/20 v3.7 verbatim text (tvz,hv)
listings.sty    2020/03/24 1.8d (Carsten Heinz)
 lstmisc.sty    2020/03/24 1.8d (Carsten Heinz)
listings.cfg    2020/03/24 1.8d listings configuration
 upgreek.sty    2003/02/12 v2.0 (WaS)
Dissertation/setup.tex
common/newnames.tex
common/data.tex
common/fonts.tex
common/styles.tex
Dissertation/disstyles.tex
Dissertation/userstyles.tex
biblio/biblatex.tex
csquotes.sty    2021-02-22 v5.2l context-sensitive quotations (JAW)
csquotes.def    2021-02-22 v5.2l csquotes generic definitions (JAW)
csquotes.cfg    
biblatex.sty    2020/12/31 v3.16 programmable bibliographies (PK/MW)
  logreq.sty    2010/08/04 v1.0 xml request logger
  logreq.def    2010/08/04 v1.0 logreq spec v1.0
  blx-dm.def    2020/12/31 v3.16 biblatex localization (PK/MW)
biblatex-gost.dbx    2020/10/28 v1.21 biblatex-gost data model
gost-numeric.dbx    2020/10/28 v1.21 biblatex-gost data model
blx-compat.def    2020/12/31 v3.16 biblatex compatibility (PK/MW)
biblatex.def    2020/12/31 v3.16 biblatex compatibility (PK/MW)
biblatex-gost.def    2020/10/28 v1.21 biblatex-gost styles
gost-standard.bbx    2020/10/28 v1.21 biblatex-gost styles
gost-numeric.bbx    2020/10/28 v1.21 biblatex-gost styles
numeric-comp.cbx    2020/12/31 v3.16 biblatex citation style (PK/MW)
gost-numeric.cbx    2020/10/28 v1.21 biblatex-gost styles
biblatex.cfg    
supp-pdf.mkii
epstopdf-base.sty    2020-01-24 v2.11 Base part for package epstopdf
  grfext.sty    2019/12/03 v1.3 Manage graphics extensions (HO)
epstopdf-sys.cfg    2010/07/13 v1.3 Configuration of (r)epstopdf for TeX Live
siunitx-abbreviations.cfg    2017/11/26 v2.7k siunitx: Abbreviated units
translator-basic-dictionary-English.dict    
 nameref.sty    2021-04-02 v2.47 Cross-referencing by name of section
refcount.sty    2019/12/15 v3.6 Data extraction from label references (HO)
gettitlestring.sty    2019/12/15 v1.6 Cleanup title references (HO)
 russian.lbx    2020/12/31 v3.16 biblatex localization (PK/MW)
russian-gost.lbx    2020/10/28 v1.21 biblatex-gost styles
 english.lbx    2020/12/31 v3.16 biblatex localization (PK/MW)
english-gost.lbx    2020/10/28 v1.21 biblatex-gost styles
blx-case-expl3.sty    2020/12/31 v3.16 expl3 case changing code for biblatex
    umsa.fd    2013/01/14 v3.01 AMS symbols A
    umsb.fd    2013/01/14 v3.01 AMS symbols B
common/renames.tex
Dissertation/title.tex
images//logo.pdf
Dissertation/contents.tex
Dissertation/introduction.tex
common/characteristic.tex
 t2acmtt.fd    2001/08/11 v1.0a Computer Modern Cyrillic font definitions
Dissertation/part1.tex
    ueuf.fd    2013/01/14 v3.01 Euler Fraktur
Dissertation/part2.tex
images//latex.png
images//knuth1.jpg
images//knuth2.jpg
images//knuth1.jpg
images//knuth2.jpg
example-image-c.pdf    Graphic file (type pdf)
Dissertation/images/tikz_scheme.tikz
Dissertation/part3.tex
Dissertation/conclusion.tex
common/concl.tex
Dissertation/acronyms.tex
Dissertation/dictionary.tex
Dissertation/references.tex
Dissertation/lists.tex
Dissertation/appendix.tex
lstlang1.sty    2020/03/24 1.8d listings language file
lstlang1.sty    2020/03/24 1.8d listings language file
 lstmisc.sty    2020/03/24 1.8d (Carsten Heinz)
lstlang1.sty    2020/03/24 1.8d listings language file
lstlang2.sty    2020/03/24 1.8d listings language file
lstlang1.sty    2020/03/24 1.8d listings language file
lstlang2.sty    2020/03/24 1.8d listings language file
lstlang3.sty    2020/03/24 1.8d listings language file
listings/run_analysis.R
Dissertation/images/drawing.pdf
Dissertation/images/drawing.pdf
Dissertation/images/drawing.pdf
Dissertation/images/drawing.pdf
common/renames.tex
 ***********


LaTeX Warning: There were undefined references.


LaTeX Warning: Label(s) may have changed. Rerun to get cross-references right.


Package rerunfilecheck Warning: File `dissertation.out' has changed.
(rerunfilecheck)                Rerun to get outlines right
(rerunfilecheck)                or use package `bookmark'.

Package rerunfilecheck Info: Checksums for `dissertation.out':
(rerunfilecheck)             Before: <no file>
(rerunfilecheck)             After:  07505E9686D5347B1ADCD90E28B76DB3;12912.

Package biblatex Warning: Please (re)run Biber on the file:
(biblatex)                dissertation
(biblatex)                and rerun LaTeX afterwards.

Package logreq Info: Writing requests to 'dissertation.run.xml'.
\openout1 = `dissertation.run.xml'.

 ) 
Here is how much of TeX's memory you used:
 50962 strings out of 478994
 940100 string characters out of 5858184
 2384300 words of memory out of 5000000
 67072 multiletter control sequences out of 15000+600000
 445410 words of font info for 151 fonts, out of 8000000 for 9000
 1141 hyphenation exceptions out of 8191
 118i,21n,119p,1157b,3235s stack positions out of 5000i,500n,10000p,200000b,80000s
{/usr/local/texlive/2021/texmf-dist/fonts/enc/dvips/cm-super/cm-super-t2a.enc
}{/usr/local/texlive/2021/texmf-dist/fonts/enc/dvips/cm-super/cm-super-ts1.enc}
</usr/local/texlive/2021/texmf-dist/fonts/type1/public/amsfonts/cm/cmbx12.pfb><
/usr/local/texlive/2021/texmf-dist/fonts/type1/public/amsfonts/cm/cmex10.pfb></
usr/local/texlive/2021/texmf-dist/fonts/type1/public/amsfonts/cm/cmmi10.pfb></u
sr/local/texlive/2021/texmf-dist/fonts/type1/public/amsfonts/cm/cmmi12.pfb></us
r/local/texlive/2021/texmf-dist/fonts/type1/public/amsfonts/cm/cmmi7.pfb></usr/
local/texlive/2021/texmf-dist/fonts/type1/public/amsfonts/cm/cmmi8.pfb></usr/lo
cal/texlive/2021/texmf-dist/fonts/type1/public/amsfonts/cm/cmmib10.pfb></usr/lo
cal/texlive/2021/texmf-dist/fonts/type1/public/amsfonts/cm/cmr10.pfb></usr/loca
l/texlive/2021/texmf-dist/fonts/type1/public/amsfonts/cm/cmr12.pfb></usr/local/
texlive/2021/texmf-dist/fonts/type1/public/amsfonts/cm/cmss12.pfb></usr/local/t
exlive/2021/texmf-dist/fonts/type1/public/amsfonts/cm/cmsy10.pfb></usr/local/te
xlive/2021/texmf-dist/fonts/type1/public/amsfonts/euler/eufm10.pfb></usr/local/
texlive/2021/texmf-dist/fonts/type1/public/amsfonts/euler/eurb10.pfb></usr/loca
l/texlive/2021/texmf-dist/fonts/type1/public/amsfonts/euler/eurm10.pfb></usr/lo
cal/texlive/2021/texmf-dist/fonts/type1/public/lm/lmss17.pfb></usr/local/texliv
e/2021/texmf-dist/fonts/type1/public/amsfonts/symbols/msam10.pfb></usr/local/te
xlive/2021/texmf-dist/fonts/type1/public/amsfonts/symbols/msbm10.pfb></usr/loca
l/texlive/2021/texmf-dist/fonts/type1/public/cm-super/sfbi1440.pfb></usr/local/
texlive/2021/texmf-dist/fonts/type1/public/cm-super/sfbx1440.pfb></usr/local/te
xlive/2021/texmf-dist/fonts/type1/public/cm-super/sfbx1728.pfb></usr/local/texl
ive/2021/texmf-dist/fonts/type1/public/cm-super/sfit1200.pfb></usr/local/texliv
e/2021/texmf-dist/fonts/type1/public/cm-super/sfrm1000.pfb></usr/local/texlive/
2021/texmf-dist/fonts/type1/public/cm-super/sfrm1095.pfb></usr/local/texlive/20
21/texmf-dist/fonts/type1/public/cm-super/sfrm1200.pfb></usr/local/texlive/2021
/texmf-dist/fonts/type1/public/cm-super/sfrm1440.pfb></usr/local/texlive/2021/t
exmf-dist/fonts/type1/public/cm-super/sfrm1728.pfb></usr/local/texlive/2021/tex
mf-dist/fonts/type1/public/cm-super/sfsl1200.pfb></usr/local/texlive/2021/texmf
-dist/fonts/type1/public/cm-super/sfti1440.pfb></usr/local/texlive/2021/texmf-d
ist/fonts/type1/public/cm-super/sftt1200.pfb></usr/local/texlive/2021/texmf-dis
t/fonts/type1/public/cm-super/sftt1440.pfb>
Output written on dissertation.pdf (55 pages, 1076495 bytes).
PDF statistics:
 738 PDF objects out of 1000 (max. 8388607)
 616 compressed objects within 7 object streams
 311 named destinations out of 1000 (max. 500000)
 86 words of extra memory for PDF output out of 10000 (max. 10000000)

